repo_id,repo_name,repo_url,repo_api_url,contributor_id,contributor_login,contributor_type,contributor_url,contributor_api_url,timestamp_extract
73385196,prefeiturasp/dados-educacao,https://github.com/prefeiturasp/dados-educacao,https://api.github.com/repos/prefeiturasp/dados-educacao,2335525,campagnucci,User,https://github.com/campagnucci,https://api.github.com/users/campagnucci,1584116614
73385196,prefeiturasp/dados-educacao,https://github.com/prefeiturasp/dados-educacao,https://api.github.com/repos/prefeiturasp/dados-educacao,28656406,tutss,User,https://github.com/tutss,https://api.github.com/users/tutss,1584116614
19895876,inepdadosabertos/api,https://github.com/inepdadosabertos/api,https://api.github.com/repos/inepdadosabertos/api,7613695,NandaBeirao,User,https://github.com/NandaBeirao,https://api.github.com/users/NandaBeirao,1584116615
19895876,inepdadosabertos/api,https://github.com/inepdadosabertos/api,https://api.github.com/repos/inepdadosabertos/api,667301,luisleao,User,https://github.com/luisleao,https://api.github.com/users/luisleao,1584116615
215114032,Explicador/MozAPI,https://github.com/Explicador/MozAPI,https://api.github.com/repos/Explicador/MozAPI,18400142,joseseie,User,https://github.com/joseseie,https://api.github.com/users/joseseie,1584116615
99947502,fga-eps-mds/2017.2-MerendaMais,https://github.com/fga-eps-mds/2017.2-MerendaMais,https://api.github.com/repos/fga-eps-mds/2017.2-MerendaMais,15696940,Rdlenke,User,https://github.com/Rdlenke,https://api.github.com/users/Rdlenke,1584116616
99947502,fga-eps-mds/2017.2-MerendaMais,https://github.com/fga-eps-mds/2017.2-MerendaMais,https://api.github.com/repos/fga-eps-mds/2017.2-MerendaMais,23086119,LucasPenido,User,https://github.com/LucasPenido,https://api.github.com/users/LucasPenido,1584116616
99947502,fga-eps-mds/2017.2-MerendaMais,https://github.com/fga-eps-mds/2017.2-MerendaMais,https://api.github.com/repos/fga-eps-mds/2017.2-MerendaMais,30907461,Miguel-Alves,User,https://github.com/Miguel-Alves,https://api.github.com/users/Miguel-Alves,1584116616
99947502,fga-eps-mds/2017.2-MerendaMais,https://github.com/fga-eps-mds/2017.2-MerendaMais,https://api.github.com/repos/fga-eps-mds/2017.2-MerendaMais,26935097,mlfaa,User,https://github.com/mlfaa,https://api.github.com/users/mlfaa,1584116616
99947502,fga-eps-mds/2017.2-MerendaMais,https://github.com/fga-eps-mds/2017.2-MerendaMais,https://api.github.com/repos/fga-eps-mds/2017.2-MerendaMais,20937778,AllanNobre,User,https://github.com/AllanNobre,https://api.github.com/users/AllanNobre,1584116616
99947502,fga-eps-mds/2017.2-MerendaMais,https://github.com/fga-eps-mds/2017.2-MerendaMais,https://api.github.com/repos/fga-eps-mds/2017.2-MerendaMais,20937537,Ronyell,User,https://github.com/Ronyell,https://api.github.com/users/Ronyell,1584116616
99947502,fga-eps-mds/2017.2-MerendaMais,https://github.com/fga-eps-mds/2017.2-MerendaMais,https://api.github.com/repos/fga-eps-mds/2017.2-MerendaMais,20937260,igor-gme,User,https://github.com/igor-gme,https://api.github.com/users/igor-gme,1584116616
99947502,fga-eps-mds/2017.2-MerendaMais,https://github.com/fga-eps-mds/2017.2-MerendaMais,https://api.github.com/repos/fga-eps-mds/2017.2-MerendaMais,20937122,hugo-asb,User,https://github.com/hugo-asb,https://api.github.com/users/hugo-asb,1584116616
99947502,fga-eps-mds/2017.2-MerendaMais,https://github.com/fga-eps-mds/2017.2-MerendaMais,https://api.github.com/repos/fga-eps-mds/2017.2-MerendaMais,30934827,KahCosta,User,https://github.com/KahCosta,https://api.github.com/users/KahCosta,1584116616
99947502,fga-eps-mds/2017.2-MerendaMais,https://github.com/fga-eps-mds/2017.2-MerendaMais,https://api.github.com/repos/fga-eps-mds/2017.2-MerendaMais,30664415,gabrielademoraes,User,https://github.com/gabrielademoraes,https://api.github.com/users/gabrielademoraes,1584116616
99947502,fga-eps-mds/2017.2-MerendaMais,https://github.com/fga-eps-mds/2017.2-MerendaMais,https://api.github.com/repos/fga-eps-mds/2017.2-MerendaMais,23313535,LucasLermen,User,https://github.com/LucasLermen,https://api.github.com/users/LucasLermen,1584116616
99947502,fga-eps-mds/2017.2-MerendaMais,https://github.com/fga-eps-mds/2017.2-MerendaMais,https://api.github.com/repos/fga-eps-mds/2017.2-MerendaMais,17547434,MFire30,User,https://github.com/MFire30,https://api.github.com/users/MFire30,1584116616
99947502,fga-eps-mds/2017.2-MerendaMais,https://github.com/fga-eps-mds/2017.2-MerendaMais,https://api.github.com/repos/fga-eps-mds/2017.2-MerendaMais,20938232,ThalissonMelo,User,https://github.com/ThalissonMelo,https://api.github.com/users/ThalissonMelo,1584116616
99947502,fga-eps-mds/2017.2-MerendaMais,https://github.com/fga-eps-mds/2017.2-MerendaMais,https://api.github.com/repos/fga-eps-mds/2017.2-MerendaMais,11621396,SabinoGs,User,https://github.com/SabinoGs,https://api.github.com/users/SabinoGs,1584116616
99947502,fga-eps-mds/2017.2-MerendaMais,https://github.com/fga-eps-mds/2017.2-MerendaMais,https://api.github.com/repos/fga-eps-mds/2017.2-MerendaMais,26633600,KamillaCosta,User,https://github.com/KamillaCosta,https://api.github.com/users/KamillaCosta,1584116616
99947502,fga-eps-mds/2017.2-MerendaMais,https://github.com/fga-eps-mds/2017.2-MerendaMais,https://api.github.com/repos/fga-eps-mds/2017.2-MerendaMais,26290053,victorcmoura,User,https://github.com/victorcmoura,https://api.github.com/users/victorcmoura,1584116616
171305999,labrua/escolas-de-cg,https://github.com/labrua/escolas-de-cg,https://api.github.com/repos/labrua/escolas-de-cg,25782846,IannCarvalho,User,https://github.com/IannCarvalho,https://api.github.com/users/IannCarvalho,1584116616
171305999,labrua/escolas-de-cg,https://github.com/labrua/escolas-de-cg,https://api.github.com/repos/labrua/escolas-de-cg,1053850,nazareno,User,https://github.com/nazareno,https://api.github.com/users/nazareno,1584116616
173197159,sjcdigital/sjc-edu,https://github.com/sjcdigital/sjc-edu,https://api.github.com/repos/sjcdigital/sjc-edu,8390247,pedro-hos,User,https://github.com/pedro-hos,https://api.github.com/users/pedro-hos,1584116617
173197159,sjcdigital/sjc-edu,https://github.com/sjcdigital/sjc-edu,https://api.github.com/repos/sjcdigital/sjc-edu,359820,jesuino,User,https://github.com/jesuino,https://api.github.com/users/jesuino,1584116617
152618718,OpenEnade/API,https://github.com/OpenEnade/API,https://api.github.com/repos/OpenEnade/API,27537731,Icaro-Lima,User,https://github.com/Icaro-Lima,https://api.github.com/users/Icaro-Lima,1584116617
152618718,OpenEnade/API,https://github.com/OpenEnade/API,https://api.github.com/repos/OpenEnade/API,13490797,paulofelipefeitosa,User,https://github.com/paulofelipefeitosa,https://api.github.com/users/paulofelipefeitosa,1584116617
152618718,OpenEnade/API,https://github.com/OpenEnade/API,https://api.github.com/repos/OpenEnade/API,29736106,lucasvictor3,User,https://github.com/lucasvictor3,https://api.github.com/users/lucasvictor3,1584116617
152618718,OpenEnade/API,https://github.com/OpenEnade/API,https://api.github.com/repos/OpenEnade/API,23180089,javanlacerda,User,https://github.com/javanlacerda,https://api.github.com/users/javanlacerda,1584116617
152618718,OpenEnade/API,https://github.com/OpenEnade/API,https://api.github.com/repos/OpenEnade/API,17315697,renatodh,User,https://github.com/renatodh,https://api.github.com/users/renatodh,1584116617
152618718,OpenEnade/API,https://github.com/OpenEnade/API,https://api.github.com/repos/OpenEnade/API,20460600,emanueljoivo,User,https://github.com/emanueljoivo,https://api.github.com/users/emanueljoivo,1584116617
152618718,OpenEnade/API,https://github.com/OpenEnade/API,https://api.github.com/repos/OpenEnade/API,23704769,codacy-badger,User,https://github.com/codacy-badger,https://api.github.com/users/codacy-badger,1584116617
7383933,bcfurtado/educabrasil,https://github.com/bcfurtado/educabrasil,https://api.github.com/repos/bcfurtado/educabrasil,1187535,bcfurtado,User,https://github.com/bcfurtado,https://api.github.com/users/bcfurtado,1584116617
7383933,bcfurtado/educabrasil,https://github.com/bcfurtado/educabrasil,https://api.github.com/repos/bcfurtado/educabrasil,2817279,rhonan,User,https://github.com/rhonan,https://api.github.com/users/rhonan,1584116617
155477458,nazareno/enade-vis,https://github.com/nazareno/enade-vis,https://api.github.com/repos/nazareno/enade-vis,1053850,nazareno,User,https://github.com/nazareno,https://api.github.com/users/nazareno,1584116618
80626288,pavanad/emec-api,https://github.com/pavanad/emec-api,https://api.github.com/repos/pavanad/emec-api,7871478,pavanad,User,https://github.com/pavanad,https://api.github.com/users/pavanad,1584116618
224536388,jesspiires/microdadosEnem_Deficit_Atencao,https://github.com/jesspiires/microdadosEnem_Deficit_Atencao,https://api.github.com/repos/jesspiires/microdadosEnem_Deficit_Atencao,56441375,jesspiires,User,https://github.com/jesspiires,https://api.github.com/users/jesspiires,1584116619
102823174,generonumero/educacao,https://github.com/generonumero/educacao,https://api.github.com/repos/generonumero/educacao,186126,turicas,User,https://github.com/turicas,https://api.github.com/users/turicas,1584116619
52244477,sombriks/microdados-brutos,https://github.com/sombriks/microdados-brutos,https://api.github.com/repos/sombriks/microdados-brutos,556695,sombriks,User,https://github.com/sombriks,https://api.github.com/users/sombriks,1584116619
52244477,sombriks/microdados-brutos,https://github.com/sombriks/microdados-brutos,https://api.github.com/repos/sombriks/microdados-brutos,2651755,fernandiego,User,https://github.com/fernandiego,https://api.github.com/users/fernandiego,1584116619
107480161,RenanCn/PesquisaEscola,https://github.com/RenanCn/PesquisaEscola,https://api.github.com/repos/RenanCn/PesquisaEscola,30483193,RenanCn,User,https://github.com/RenanCn,https://api.github.com/users/RenanCn,1584116620
136826381,JotinhaBR/Buscador-Dados-Escolares-R.A,https://github.com/JotinhaBR/Buscador-Dados-Escolares-R.A,https://api.github.com/repos/JotinhaBR/Buscador-Dados-Escolares-R.A,11598976,adriancfbr,User,https://github.com/adriancfbr,https://api.github.com/users/adriancfbr,1584116620
136826381,JotinhaBR/Buscador-Dados-Escolares-R.A,https://github.com/JotinhaBR/Buscador-Dados-Escolares-R.A,https://api.github.com/repos/JotinhaBR/Buscador-Dados-Escolares-R.A,6248317,JotinhaBR,User,https://github.com/JotinhaBR,https://api.github.com/users/JotinhaBR,1584116620
199643547,marceloalvesuff/IE_2019,https://github.com/marceloalvesuff/IE_2019,https://api.github.com/repos/marceloalvesuff/IE_2019,11844257,marceloalvesuff,User,https://github.com/marceloalvesuff,https://api.github.com/users/marceloalvesuff,1584116621
211174519,ccuffs/erbd2019,https://github.com/ccuffs/erbd2019,https://api.github.com/repos/ccuffs/erbd2019,512405,Dovyski,User,https://github.com/Dovyski,https://api.github.com/users/Dovyski,1584116621
212427184,mateuspedrino/Minicurso_Scraping_e_Analise_Exploratoria,https://github.com/mateuspedrino/Minicurso_Scraping_e_Analise_Exploratoria,https://api.github.com/repos/mateuspedrino/Minicurso_Scraping_e_Analise_Exploratoria,41132321,mateuspedrino,User,https://github.com/mateuspedrino,https://api.github.com/users/mateuspedrino,1584116621
171876925,repitta/CienciaDeDadosEducacionais,https://github.com/repitta/CienciaDeDadosEducacionais,https://api.github.com/repos/repitta/CienciaDeDadosEducacionais,47857173,repitta,User,https://github.com/repitta,https://api.github.com/users/repitta,1584116622
189226086,LASalvador/Analise-de-dados-Enem-infraestrutura-b-sica,https://github.com/LASalvador/Analise-de-dados-Enem-infraestrutura-b-sica,https://api.github.com/repos/LASalvador/Analise-de-dados-Enem-infraestrutura-b-sica,37023076,LASalvador,User,https://github.com/LASalvador,https://api.github.com/users/LASalvador,1584116622
155470617,leonardojs1981/analise_enem_2,https://github.com/leonardojs1981/analise_enem_2,https://api.github.com/repos/leonardojs1981/analise_enem_2,27903484,leonardojs1981,User,https://github.com/leonardojs1981,https://api.github.com/users/leonardojs1981,1584116623
210199875,BrunoSchaefer/BrunoSchaefer,https://github.com/BrunoSchaefer/BrunoSchaefer,https://api.github.com/repos/BrunoSchaefer/BrunoSchaefer,55668088,BrunoSchaefer,User,https://github.com/BrunoSchaefer,https://api.github.com/users/BrunoSchaefer,1584116623
87153114,georgegomesf/educadata,https://github.com/georgegomesf/educadata,https://api.github.com/repos/georgegomesf/educadata,26891848,georgegomesf,User,https://github.com/georgegomesf,https://api.github.com/users/georgegomesf,1584116624
169083468,voigtjessica/Educacao-no-Brasil,https://github.com/voigtjessica/Educacao-no-Brasil,https://api.github.com/repos/voigtjessica/Educacao-no-Brasil,23560363,voigtjessica,User,https://github.com/voigtjessica,https://api.github.com/users/voigtjessica,1584116625
178289608,afgachet/Trabalho_IESB,https://github.com/afgachet/Trabalho_IESB,https://api.github.com/repos/afgachet/Trabalho_IESB,21219397,afgachet,User,https://github.com/afgachet,https://api.github.com/users/afgachet,1584116625
215302597,WeDias/DadosEduBasica2008-2018,https://github.com/WeDias/DadosEduBasica2008-2018,https://api.github.com/repos/WeDias/DadosEduBasica2008-2018,56437612,WeDias,User,https://github.com/WeDias,https://api.github.com/users/WeDias,1584116625
25183120,sjcdigital/dados-ideb,https://github.com/sjcdigital/dados-ideb,https://api.github.com/repos/sjcdigital/dados-ideb,359820,jesuino,User,https://github.com/jesuino,https://api.github.com/users/jesuino,1584116626
2579957,soarescbm/Migracao,https://github.com/soarescbm/Migracao,https://api.github.com/repos/soarescbm/Migracao,479960,soarescbm,User,https://github.com/soarescbm,https://api.github.com/users/soarescbm,1584116626
223839255,JDanrley/Microdados-INEP-Alunos-Especiais,https://github.com/JDanrley/Microdados-INEP-Alunos-Especiais,https://api.github.com/repos/JDanrley/Microdados-INEP-Alunos-Especiais,45850297,JDanrley,User,https://github.com/JDanrley,https://api.github.com/users/JDanrley,1584116627
112645969,camilagonc/CCA0322-GME,https://github.com/camilagonc/CCA0322-GME,https://api.github.com/repos/camilagonc/CCA0322-GME,32446694,camilagonc,User,https://github.com/camilagonc,https://api.github.com/users/camilagonc,1584116627
28203276,COLAB-USP/crecheScraPer,https://github.com/COLAB-USP/crecheScraPer,https://api.github.com/repos/COLAB-USP/crecheScraPer,1149473,JeffsFernandes,User,https://github.com/JeffsFernandes,https://api.github.com/users/JeffsFernandes,1584116627
122618489,ceplan/estrutura-de-dados-II,https://github.com/ceplan/estrutura-de-dados-II,https://api.github.com/repos/ceplan/estrutura-de-dados-II,7774063,jacksonpradolima,User,https://github.com/jacksonpradolima,https://api.github.com/users/jacksonpradolima,1584116628
137931181,maykon-oliveira/escola-open,https://github.com/maykon-oliveira/escola-open,https://api.github.com/repos/maykon-oliveira/escola-open,27507681,maykon-oliveira,User,https://github.com/maykon-oliveira,https://api.github.com/users/maykon-oliveira,1584116628
181704903,Krieffer/Analise-da-Insercao-do-Aluno-Negro-com-BI,https://github.com/Krieffer/Analise-da-Insercao-do-Aluno-Negro-com-BI,https://api.github.com/repos/Krieffer/Analise-da-Insercao-do-Aluno-Negro-com-BI,26579761,Krieffer,User,https://github.com/Krieffer,https://api.github.com/users/Krieffer,1584116629
181704903,Krieffer/Analise-da-Insercao-do-Aluno-Negro-com-BI,https://github.com/Krieffer/Analise-da-Insercao-do-Aluno-Negro-com-BI,https://api.github.com/repos/Krieffer/Analise-da-Insercao-do-Aluno-Negro-com-BI,42585434,MarceloZer4,User,https://github.com/MarceloZer4,https://api.github.com/users/MarceloZer4,1584116629
181704903,Krieffer/Analise-da-Insercao-do-Aluno-Negro-com-BI,https://github.com/Krieffer/Analise-da-Insercao-do-Aluno-Negro-com-BI,https://api.github.com/repos/Krieffer/Analise-da-Insercao-do-Aluno-Negro-com-BI,57235054,Henrique-Henrique,User,https://github.com/Henrique-Henrique,https://api.github.com/users/Henrique-Henrique,1584116629
181704903,Krieffer/Analise-da-Insercao-do-Aluno-Negro-com-BI,https://github.com/Krieffer/Analise-da-Insercao-do-Aluno-Negro-com-BI,https://api.github.com/repos/Krieffer/Analise-da-Insercao-do-Aluno-Negro-com-BI,27714333,TZNaso,User,https://github.com/TZNaso,https://api.github.com/users/TZNaso,1584116629
227856331,laislp/AnaliseDadosINEP,https://github.com/laislp/AnaliseDadosINEP,https://api.github.com/repos/laislp/AnaliseDadosINEP,45685732,laislp,User,https://github.com/laislp,https://api.github.com/users/laislp,1584116629
144656279,tbuzze/escolas2017,https://github.com/tbuzze/escolas2017,https://api.github.com/repos/tbuzze/escolas2017,36749340,tbuzze,User,https://github.com/tbuzze,https://api.github.com/users/tbuzze,1584116630
113937289,jmanoel7/sistec-download,https://github.com/jmanoel7/sistec-download,https://api.github.com/repos/jmanoel7/sistec-download,7516658,jmanoel7,User,https://github.com/jmanoel7,https://api.github.com/users/jmanoel7,1584116630
136999378,estermartins/INEP-Microdados2015,https://github.com/estermartins/INEP-Microdados2015,https://api.github.com/repos/estermartins/INEP-Microdados2015,37341234,estermartins,User,https://github.com/estermartins,https://api.github.com/users/estermartins,1584116630
226766890,Navinara/Analise-Idades-INEP,https://github.com/Navinara/Analise-Idades-INEP,https://api.github.com/repos/Navinara/Analise-Idades-INEP,31048163,Navinara,User,https://github.com/Navinara,https://api.github.com/users/Navinara,1584116631
218398613,cesaraugusto98/EnemxEducacaoBasica,https://github.com/cesaraugusto98/EnemxEducacaoBasica,https://api.github.com/repos/cesaraugusto98/EnemxEducacaoBasica,32581601,cesaraugusto98,User,https://github.com/cesaraugusto98,https://api.github.com/users/cesaraugusto98,1584116631
218398613,cesaraugusto98/EnemxEducacaoBasica,https://github.com/cesaraugusto98/EnemxEducacaoBasica,https://api.github.com/repos/cesaraugusto98/EnemxEducacaoBasica,25992251,kevin799,User,https://github.com/kevin799,https://api.github.com/users/kevin799,1584116631
224730769,NobuyoshiIshizuka/Sistema-de-calculo-de-notas-escolares-e-coleta-de-dados-em-JAVA,https://github.com/NobuyoshiIshizuka/Sistema-de-calculo-de-notas-escolares-e-coleta-de-dados-em-JAVA,https://api.github.com/repos/NobuyoshiIshizuka/Sistema-de-calculo-de-notas-escolares-e-coleta-de-dados-em-JAVA,54697056,NobuyoshiIshizuka,User,https://github.com/NobuyoshiIshizuka,https://api.github.com/users/NobuyoshiIshizuka,1584116632
239597614,joaby-oliveira/Inox-Store,https://github.com/joaby-oliveira/Inox-Store,https://api.github.com/repos/joaby-oliveira/Inox-Store,55921991,joaby-oliveira,User,https://github.com/joaby-oliveira,https://api.github.com/users/joaby-oliveira,1584116632
239597614,joaby-oliveira/Inox-Store,https://github.com/joaby-oliveira/Inox-Store,https://api.github.com/repos/joaby-oliveira/Inox-Store,50830580,GabrielRagonhaRodrigues,User,https://github.com/GabrielRagonhaRodrigues,https://api.github.com/users/GabrielRagonhaRodrigues,1584116632
188095435,arielgranatob/Sistema-de-Gerencia-para-Escolas,https://github.com/arielgranatob/Sistema-de-Gerencia-para-Escolas,https://api.github.com/repos/arielgranatob/Sistema-de-Gerencia-para-Escolas,26409681,arielgranatob,User,https://github.com/arielgranatob,https://api.github.com/users/arielgranatob,1584116633
223996436,justhenrique/saneamento-basico-nas-escolas-entre-2014-e-2018,https://github.com/justhenrique/saneamento-basico-nas-escolas-entre-2014-e-2018,https://api.github.com/repos/justhenrique/saneamento-basico-nas-escolas-entre-2014-e-2018,54003876,justhenrique,User,https://github.com/justhenrique,https://api.github.com/users/justhenrique,1584116633
3947421,mapyceno/Sistema-Biblioteca-Escolar,https://github.com/mapyceno/Sistema-Biblioteca-Escolar,https://api.github.com/repos/mapyceno/Sistema-Biblioteca-Escolar,1031354,mapyceno,User,https://github.com/mapyceno,https://api.github.com/users/mapyceno,1584116633
134006982,jameshunterbr/Sustentare_ADcR,https://github.com/jameshunterbr/Sustentare_ADcR,https://api.github.com/repos/jameshunterbr/Sustentare_ADcR,2415948,jameshunterbr,User,https://github.com/jameshunterbr,https://api.github.com/users/jameshunterbr,1584116634
58407356,escola-de-dados/escola-de-dados.github.io,https://github.com/escola-de-dados/escola-de-dados.github.io,https://api.github.com/repos/escola-de-dados/escola-de-dados.github.io,835712,mtrpires,User,https://github.com/mtrpires,https://api.github.com/users/mtrpires,1584116634
225249800,brunaveri/analise-dados-escolas-unidades-prisional,https://github.com/brunaveri/analise-dados-escolas-unidades-prisional,https://api.github.com/repos/brunaveri/analise-dados-escolas-unidades-prisional,37639425,brunaveri,User,https://github.com/brunaveri,https://api.github.com/users/brunaveri,1584116634
27723571,okfn-brasil/escoladedados,https://github.com/okfn-brasil/escoladedados,https://api.github.com/repos/okfn-brasil/escoladedados,134874,everton137,User,https://github.com/everton137,https://api.github.com/users/everton137,1584116635
87024805,lucke71/Classificando_evasao_ens_superior,https://github.com/lucke71/Classificando_evasao_ens_superior,https://api.github.com/repos/lucke71/Classificando_evasao_ens_superior,19805058,lucke71,User,https://github.com/lucke71,https://api.github.com/users/lucke71,1584116635
87024805,lucke71/Classificando_evasao_ens_superior,https://github.com/lucke71/Classificando_evasao_ens_superior,https://api.github.com/repos/lucke71/Classificando_evasao_ens_superior,26802570,censosup,User,https://github.com/censosup,https://api.github.com/users/censosup,1584116635
215653846,lucasdlg5/analise_dados_idd_inep_fatec,https://github.com/lucasdlg5/analise_dados_idd_inep_fatec,https://api.github.com/repos/lucasdlg5/analise_dados_idd_inep_fatec,34030944,martimiano,User,https://github.com/martimiano,https://api.github.com/users/martimiano,1584116636
215653846,lucasdlg5/analise_dados_idd_inep_fatec,https://github.com/lucasdlg5/analise_dados_idd_inep_fatec,https://api.github.com/repos/lucasdlg5/analise_dados_idd_inep_fatec,58120177,jcezar4152,User,https://github.com/jcezar4152,https://api.github.com/users/jcezar4152,1584116636
215653846,lucasdlg5/analise_dados_idd_inep_fatec,https://github.com/lucasdlg5/analise_dados_idd_inep_fatec,https://api.github.com/repos/lucasdlg5/analise_dados_idd_inep_fatec,15839576,lucasdlg5,User,https://github.com/lucasdlg5,https://api.github.com/users/lucasdlg5,1584116636
219173464,danielsantosoliveira/Analise-Dados-INEP,https://github.com/danielsantosoliveira/Analise-Dados-INEP,https://api.github.com/repos/danielsantosoliveira/Analise-Dados-INEP,55162125,danielsantosoliveira,User,https://github.com/danielsantosoliveira,https://api.github.com/users/danielsantosoliveira,1584116636
224550755,LeonardoMessias98/Analise-de-dados-INEP,https://github.com/LeonardoMessias98/Analise-de-dados-INEP,https://api.github.com/repos/LeonardoMessias98/Analise-de-dados-INEP,55189046,LeonardoMessias98,User,https://github.com/LeonardoMessias98,https://api.github.com/users/LeonardoMessias98,1584116637
132631703,aismaniotto/KDD_PROVA_BRASIL,https://github.com/aismaniotto/KDD_PROVA_BRASIL,https://api.github.com/repos/aismaniotto/KDD_PROVA_BRASIL,22307816,aismaniotto,User,https://github.com/aismaniotto,https://api.github.com/users/aismaniotto,1584116637
225639538,Mateus-Prestes/Raspagem-de-dados-INEP,https://github.com/Mateus-Prestes/Raspagem-de-dados-INEP,https://api.github.com/repos/Mateus-Prestes/Raspagem-de-dados-INEP,56441534,Mateus-Prestes,User,https://github.com/Mateus-Prestes,https://api.github.com/users/Mateus-Prestes,1584116638
224715044,PedroVilhena/AnaliseDeDadosINEP,https://github.com/PedroVilhena/AnaliseDeDadosINEP,https://api.github.com/repos/PedroVilhena/AnaliseDeDadosINEP,56437525,PedroVilhena,User,https://github.com/PedroVilhena,https://api.github.com/users/PedroVilhena,1584116638
216047419,paulovpcotta/An-lise-de-Dados-e-Infer-ncia-Estat-stica-com-Python---IESB,https://github.com/paulovpcotta/An-lise-de-Dados-e-Infer-ncia-Estat-stica-com-Python---IESB,https://api.github.com/repos/paulovpcotta/An-lise-de-Dados-e-Infer-ncia-Estat-stica-com-Python---IESB,10616528,paulovpc,User,https://github.com/paulovpc,https://api.github.com/users/paulovpc,1584116638
65204077,mgfzemor/Dados-ENEM,https://github.com/mgfzemor/Dados-ENEM,https://api.github.com/repos/mgfzemor/Dados-ENEM,10506229,mgfzemor,User,https://github.com/mgfzemor,https://api.github.com/users/mgfzemor,1584116639
65204077,mgfzemor/Dados-ENEM,https://github.com/mgfzemor/Dados-ENEM,https://api.github.com/repos/mgfzemor/Dados-ENEM,20910847,leonardoeich,User,https://github.com/leonardoeich,https://api.github.com/users/leonardoeich,1584116639
65204077,mgfzemor/Dados-ENEM,https://github.com/mgfzemor/Dados-ENEM,https://api.github.com/repos/mgfzemor/Dados-ENEM,20910682,gregoribarros,User,https://github.com/gregoribarros,https://api.github.com/users/gregoribarros,1584116639
202629335,ggpereira/visio-edu,https://github.com/ggpereira/visio-edu,https://api.github.com/repos/ggpereira/visio-edu,26494904,ggpereira,User,https://github.com/ggpereira,https://api.github.com/users/ggpereira,1584116640
202629335,ggpereira/visio-edu,https://github.com/ggpereira/visio-edu,https://api.github.com/repos/ggpereira/visio-edu,32108475,odcmello,User,https://github.com/odcmello,https://api.github.com/users/odcmello,1584116640
202629335,ggpereira/visio-edu,https://github.com/ggpereira/visio-edu,https://api.github.com/repos/ggpereira/visio-edu,13708765,AndreaInfUFSM,User,https://github.com/AndreaInfUFSM,https://api.github.com/users/AndreaInfUFSM,1584116640
240381484,JackesDaFonseca/CRUD-Candidatos-ENEM,https://github.com/JackesDaFonseca/CRUD-Candidatos-ENEM,https://api.github.com/repos/JackesDaFonseca/CRUD-Candidatos-ENEM,53023400,JackesDaFonseca,User,https://github.com/JackesDaFonseca,https://api.github.com/users/JackesDaFonseca,1584116640
45257551,Marlysson/Analise-ENEM-2014,https://github.com/Marlysson/Analise-ENEM-2014,https://api.github.com/repos/Marlysson/Analise-ENEM-2014,4117999,Marlysson,User,https://github.com/Marlysson,https://api.github.com/users/Marlysson,1584116641
224754710,charles-ramos/Analise-Dados-Cegos-Surdos-ENEM,https://github.com/charles-ramos/Analise-Dados-Cegos-Surdos-ENEM,https://api.github.com/repos/charles-ramos/Analise-Dados-Cegos-Surdos-ENEM,25464287,charles-ramos,User,https://github.com/charles-ramos,https://api.github.com/users/charles-ramos,1584116641
4766676,diraol/analisenem,https://github.com/diraol/analisenem,https://api.github.com/repos/diraol/analisenem,195470,rabc,User,https://github.com/rabc,https://api.github.com/users/rabc,1584116641
4766676,diraol/analisenem,https://github.com/diraol/analisenem,https://api.github.com/repos/diraol/analisenem,192702,diraol,User,https://github.com/diraol,https://api.github.com/users/diraol,1584116641
40318305,flaviobarros/ENEM2014,https://github.com/flaviobarros/ENEM2014,https://api.github.com/repos/flaviobarros/ENEM2014,1492819,flaviobarros,User,https://github.com/flaviobarros,https://api.github.com/users/flaviobarros,1584116642
196104644,BloodShura/StructuredENEM,https://github.com/BloodShura/StructuredENEM,https://api.github.com/repos/BloodShura/StructuredENEM,1342264,BloodShura,User,https://github.com/BloodShura,https://api.github.com/users/BloodShura,1584116642
186907829,LucasAlves1996/sistema-escolar-angularJS,https://github.com/LucasAlves1996/sistema-escolar-angularJS,https://api.github.com/repos/LucasAlves1996/sistema-escolar-angularJS,37453756,LucasAlves1996,User,https://github.com/LucasAlves1996,https://api.github.com/users/LucasAlves1996,1584116643
220032483,noel1sant975/Manipulando_Dados_De_Alunos,https://github.com/noel1sant975/Manipulando_Dados_De_Alunos,https://api.github.com/repos/noel1sant975/Manipulando_Dados_De_Alunos,27284668,noel1sant975,User,https://github.com/noel1sant975,https://api.github.com/users/noel1sant975,1584116643
154071738,lucasfontinele/GerenciamentoEscola,https://github.com/lucasfontinele/GerenciamentoEscola,https://api.github.com/repos/lucasfontinele/GerenciamentoEscola,38741718,lucasfontinele,User,https://github.com/lucasfontinele,https://api.github.com/users/lucasfontinele,1584116644
239055846,eduardogoomesf17/escola-react,https://github.com/eduardogoomesf17/escola-react,https://api.github.com/repos/eduardogoomesf17/escola-react,54242312,eduardogoomesf,User,https://github.com/eduardogoomesf,https://api.github.com/users/eduardogoomesf,1584116644
197677677,tuchinski/apsLabBancoDados,https://github.com/tuchinski/apsLabBancoDados,https://api.github.com/repos/tuchinski/apsLabBancoDados,18310704,tuchinski,User,https://github.com/tuchinski,https://api.github.com/users/tuchinski,1584116644
131785761,willsantos0/Escola-Municipal-Modelo,https://github.com/willsantos0/Escola-Municipal-Modelo,https://api.github.com/repos/willsantos0/Escola-Municipal-Modelo,9123948,willsantos0,User,https://github.com/willsantos0,https://api.github.com/users/willsantos0,1584116645
155562521,valmirozuno/Analise_Censo_Escolar_2017_1BIO2INFO,https://github.com/valmirozuno/Analise_Censo_Escolar_2017_1BIO2INFO,https://api.github.com/repos/valmirozuno/Analise_Censo_Escolar_2017_1BIO2INFO,36055343,valmirozuno,User,https://github.com/valmirozuno,https://api.github.com/users/valmirozuno,1584116645
155562521,valmirozuno/Analise_Censo_Escolar_2017_1BIO2INFO,https://github.com/valmirozuno/Analise_Censo_Escolar_2017_1BIO2INFO,https://api.github.com/repos/valmirozuno/Analise_Censo_Escolar_2017_1BIO2INFO,8961157,DaniloRodrigo,User,https://github.com/DaniloRodrigo,https://api.github.com/users/DaniloRodrigo,1584116645
212833989,RuizGeo/WebScrapingQEdu,https://github.com/RuizGeo/WebScrapingQEdu,https://api.github.com/repos/RuizGeo/WebScrapingQEdu,6535461,RuizGeo,User,https://github.com/RuizGeo,https://api.github.com/users/RuizGeo,1584116646
109021056,RafaelSantosBraz/SistemaAdministracaoEscolar,https://github.com/RafaelSantosBraz/SistemaAdministracaoEscolar,https://api.github.com/repos/RafaelSantosBraz/SistemaAdministracaoEscolar,33267047,edIIdev,User,https://github.com/edIIdev,https://api.github.com/users/edIIdev,1584116646
109021056,RafaelSantosBraz/SistemaAdministracaoEscolar,https://github.com/RafaelSantosBraz/SistemaAdministracaoEscolar,https://api.github.com/repos/RafaelSantosBraz/SistemaAdministracaoEscolar,20260521,RafaelSantosBraz,User,https://github.com/RafaelSantosBraz,https://api.github.com/users/RafaelSantosBraz,1584116646
154184336,interlegis/moodle-block_evl_sync,https://github.com/interlegis/moodle-block_evl_sync,https://api.github.com/repos/interlegis/moodle-block_evl_sync,152025,mgbf,User,https://github.com/mgbf,https://api.github.com/users/mgbf,1584116647
151630631,eubyt/Buscador-Dados-Escolares-R.A-JAVA,https://github.com/eubyt/Buscador-Dados-Escolares-R.A-JAVA,https://api.github.com/repos/eubyt/Buscador-Dados-Escolares-R.A-JAVA,41532859,eubyt,User,https://github.com/eubyt,https://api.github.com/users/eubyt,1584116647
206452960,ViniciusDominguesProjetos/ProjetoEscola,https://github.com/ViniciusDominguesProjetos/ProjetoEscola,https://api.github.com/repos/ViniciusDominguesProjetos/ProjetoEscola,54919089,ViniciusDominguesProjetos,User,https://github.com/ViniciusDominguesProjetos,https://api.github.com/users/ViniciusDominguesProjetos,1584116648
105951370,eduardoJoseRibeiro/ferramentaEscolar,https://github.com/eduardoJoseRibeiro/ferramentaEscolar,https://api.github.com/repos/eduardoJoseRibeiro/ferramentaEscolar,27382951,eduardoJoseRibeiro,User,https://github.com/eduardoJoseRibeiro,https://api.github.com/users/eduardoJoseRibeiro,1584116648
225005699,martimallow/escola_fechada,https://github.com/martimallow/escola_fechada,https://api.github.com/repos/martimallow/escola_fechada,28545271,martimallow,User,https://github.com/martimallow,https://api.github.com/users/martimallow,1584116649
225005699,martimallow/escola_fechada,https://github.com/martimallow/escola_fechada,https://api.github.com/repos/martimallow/escola_fechada,11689137,jessicatcr,User,https://github.com/jessicatcr,https://api.github.com/users/jessicatcr,1584116649
25851365,cellovit/trabalhobd,https://github.com/cellovit/trabalhobd,https://api.github.com/repos/cellovit/trabalhobd,5771196,cellovit,User,https://github.com/cellovit,https://api.github.com/users/cellovit,1584116649
152517590,MatheusMachadodosSantos/ProjetoEscola,https://github.com/MatheusMachadodosSantos/ProjetoEscola,https://api.github.com/repos/MatheusMachadodosSantos/ProjetoEscola,44031090,eWazZy,User,https://github.com/eWazZy,https://api.github.com/users/eWazZy,1584116649
152517590,MatheusMachadodosSantos/ProjetoEscola,https://github.com/MatheusMachadodosSantos/ProjetoEscola,https://api.github.com/repos/MatheusMachadodosSantos/ProjetoEscola,43921011,MatheusMachadodosSantos,User,https://github.com/MatheusMachadodosSantos,https://api.github.com/users/MatheusMachadodosSantos,1584116649
109836830,rayanasouza/Banco-de-Dados,https://github.com/rayanasouza/Banco-de-Dados,https://api.github.com/repos/rayanasouza/Banco-de-Dados,3716922,rayanasouza,User,https://github.com/rayanasouza,https://api.github.com/users/rayanasouza,1584116650
145136865,marcosw1998/GDI-Banco-de-dados-,https://github.com/marcosw1998/GDI-Banco-de-dados-,https://api.github.com/repos/marcosw1998/GDI-Banco-de-dados-,42470264,marcosw1998,User,https://github.com/marcosw1998,https://api.github.com/users/marcosw1998,1584116650
159542297,aasouzaconsult/Trabalhando-com-Dados,https://github.com/aasouzaconsult/Trabalhando-com-Dados,https://api.github.com/repos/aasouzaconsult/Trabalhando-com-Dados,29084827,aasouzaconsult,User,https://github.com/aasouzaconsult,https://api.github.com/users/aasouzaconsult,1584116651
68296147,erivancledson/SistemaEscolaCursos2,https://github.com/erivancledson/SistemaEscolaCursos2,https://api.github.com/repos/erivancledson/SistemaEscolaCursos2,19246137,erivancledson,User,https://github.com/erivancledson,https://api.github.com/users/erivancledson,1584116651
67946107,erivancledson/SistemaEscolaCursos,https://github.com/erivancledson/SistemaEscolaCursos,https://api.github.com/repos/erivancledson/SistemaEscolaCursos,19246137,erivancledson,User,https://github.com/erivancledson,https://api.github.com/users/erivancledson,1584116652
90339188,RafaelSantosBraz/SistemaEscolar_ETEC_TCC,https://github.com/RafaelSantosBraz/SistemaEscolar_ETEC_TCC,https://api.github.com/repos/RafaelSantosBraz/SistemaEscolar_ETEC_TCC,20260521,RafaelSantosBraz,User,https://github.com/RafaelSantosBraz,https://api.github.com/users/RafaelSantosBraz,1584116652
240087549,EscolaDeSaudePublica/dataLab,https://github.com/EscolaDeSaudePublica/dataLab,https://api.github.com/repos/EscolaDeSaudePublica/dataLab,89998,uira,User,https://github.com/uira,https://api.github.com/users/uira,1584116652
194607456,pipitorminator/escola-banco-de-dados,https://github.com/pipitorminator/escola-banco-de-dados,https://api.github.com/repos/pipitorminator/escola-banco-de-dados,32585192,pipitorminator,User,https://github.com/pipitorminator,https://api.github.com/users/pipitorminator,1584116653
217527453,raframil/nossa_escola,https://github.com/raframil/nossa_escola,https://api.github.com/repos/raframil/nossa_escola,15132153,raframil,User,https://github.com/raframil,https://api.github.com/users/raframil,1584116653
223928069,RodrigoMarcelin/An-lise-de-dados-publicos,https://github.com/RodrigoMarcelin/An-lise-de-dados-publicos,https://api.github.com/repos/RodrigoMarcelin/An-lise-de-dados-publicos,45577877,RodrigoMarcelin,User,https://github.com/RodrigoMarcelin,https://api.github.com/users/RodrigoMarcelin,1584116654
174178860,AsonCS/TCC_enem,https://github.com/AsonCS/TCC_enem,https://api.github.com/repos/AsonCS/TCC_enem,42609750,AsonCS,User,https://github.com/AsonCS,https://api.github.com/users/AsonCS,1584116654
60370995,HeitorTomaz/EnemGit,https://github.com/HeitorTomaz/EnemGit,https://api.github.com/repos/HeitorTomaz/EnemGit,15091248,HeitorTomaz,User,https://github.com/HeitorTomaz,https://api.github.com/users/HeitorTomaz,1584116655
224903447,Deptulsqui/Estrutura-de-dados-EP4,https://github.com/Deptulsqui/Estrutura-de-dados-EP4,https://api.github.com/repos/Deptulsqui/Estrutura-de-dados-EP4,49573510,Deptulsqui,User,https://github.com/Deptulsqui,https://api.github.com/users/Deptulsqui,1584116655
122353521,matheushenrycb/ProjetoEscolaHibernate,https://github.com/matheushenrycb/ProjetoEscolaHibernate,https://api.github.com/repos/matheushenrycb/ProjetoEscolaHibernate,26944589,matheushenrycb,User,https://github.com/matheushenrycb,https://api.github.com/users/matheushenrycb,1584116656
144781651,AdriellyG/Escola,https://github.com/AdriellyG/Escola,https://api.github.com/repos/AdriellyG/Escola,36866383,AdriellyG,User,https://github.com/AdriellyG,https://api.github.com/users/AdriellyG,1584116656
107706251,TiagoTiburcio/Escolas,https://github.com/TiagoTiburcio/Escolas,https://api.github.com/repos/TiagoTiburcio/Escolas,14125151,TiagoTiburcio,User,https://github.com/TiagoTiburcio,https://api.github.com/users/TiagoTiburcio,1584116657
238011326,odairss/escola,https://github.com/odairss/escola,https://api.github.com/repos/odairss/escola,9090650,odairss,User,https://github.com/odairss,https://api.github.com/users/odairss,1584116657
171165530,eduhsss/Bancos-de-dados,https://github.com/eduhsss/Bancos-de-dados,https://api.github.com/repos/eduhsss/Bancos-de-dados,47652040,Eduhss,User,https://github.com/Eduhss,https://api.github.com/users/Eduhss,1584116657
226486311,moisesnetouou/AgendaEscolarFinal,https://github.com/moisesnetouou/AgendaEscolarFinal,https://api.github.com/repos/moisesnetouou/AgendaEscolarFinal,39030702,moisesnetouou,User,https://github.com/moisesnetouou,https://api.github.com/users/moisesnetouou,1584116658
226486311,moisesnetouou/AgendaEscolarFinal,https://github.com/moisesnetouou/AgendaEscolarFinal,https://api.github.com/repos/moisesnetouou/AgendaEscolarFinal,33138834,LeandroAzanniel,User,https://github.com/LeandroAzanniel,https://api.github.com/users/LeandroAzanniel,1584116658
62955465,ezefranca/escolas,https://github.com/ezefranca/escolas,https://api.github.com/repos/ezefranca/escolas,3648336,ezefranca,User,https://github.com/ezefranca,https://api.github.com/users/ezefranca,1584116659
131519008,gabsbarbosa/fastschool,https://github.com/gabsbarbosa/fastschool,https://api.github.com/repos/gabsbarbosa/fastschool,38840882,gabsbarbosa,User,https://github.com/gabsbarbosa,https://api.github.com/users/gabsbarbosa,1584116659
131519008,gabsbarbosa/fastschool,https://github.com/gabsbarbosa/fastschool,https://api.github.com/repos/gabsbarbosa/fastschool,38865336,mpc5319,User,https://github.com/mpc5319,https://api.github.com/users/mpc5319,1584116659
102225592,samirmt/raspagem_dados_publicos,https://github.com/samirmt/raspagem_dados_publicos,https://api.github.com/repos/samirmt/raspagem_dados_publicos,5649135,samirmt,User,https://github.com/samirmt,https://api.github.com/users/samirmt,1584116660
194719911,cyro-garcez/censo-escolar-2018,https://github.com/cyro-garcez/censo-escolar-2018,https://api.github.com/repos/cyro-garcez/censo-escolar-2018,52359937,cyro-garcez,User,https://github.com/cyro-garcez,https://api.github.com/users/cyro-garcez,1584116660
161674466,Matuzael/projetoEscola,https://github.com/Matuzael/projetoEscola,https://api.github.com/repos/Matuzael/projetoEscola,43829002,Matuzael,User,https://github.com/Matuzael,https://api.github.com/users/Matuzael,1584116661
112966201,arikardnoir/Projeto-Escolar-Radar,https://github.com/arikardnoir/Projeto-Escolar-Radar,https://api.github.com/repos/arikardnoir/Projeto-Escolar-Radar,18501593,arikardnoir,User,https://github.com/arikardnoir,https://api.github.com/users/arikardnoir,1584116662
26291299,Khosmy/Gerenciador_de_Cursos_e_Turmas_Escolares,https://github.com/Khosmy/Gerenciador_de_Cursos_e_Turmas_Escolares,https://api.github.com/repos/Khosmy/Gerenciador_de_Cursos_e_Turmas_Escolares,8965200,Khosmy,User,https://github.com/Khosmy,https://api.github.com/users/Khosmy,1584116662
203428963,JnsFerreira/OracleDB_Escola,https://github.com/JnsFerreira/OracleDB_Escola,https://api.github.com/repos/JnsFerreira/OracleDB_Escola,44999990,JnsFerreira,User,https://github.com/JnsFerreira,https://api.github.com/users/JnsFerreira,1584116662
128244662,prefeiturasp/SME-Integracao-EOL,https://github.com/prefeiturasp/SME-Integracao-EOL,https://api.github.com/repos/prefeiturasp/SME-Integracao-EOL,24880283,mschuelter,User,https://github.com/mschuelter,https://api.github.com/users/mschuelter,1584116663
128244662,prefeiturasp/SME-Integracao-EOL,https://github.com/prefeiturasp/SME-Integracao-EOL,https://api.github.com/repos/prefeiturasp/SME-Integracao-EOL,36544731,RodrigoLopesPrd,User,https://github.com/RodrigoLopesPrd,https://api.github.com/users/RodrigoLopesPrd,1584116663
128244662,prefeiturasp/SME-Integracao-EOL,https://github.com/prefeiturasp/SME-Integracao-EOL,https://api.github.com/repos/prefeiturasp/SME-Integracao-EOL,46778950,MaykeAmcom,User,https://github.com/MaykeAmcom,https://api.github.com/users/MaykeAmcom,1584116663
128244662,prefeiturasp/SME-Integracao-EOL,https://github.com/prefeiturasp/SME-Integracao-EOL,https://api.github.com/repos/prefeiturasp/SME-Integracao-EOL,53609688,robsonamcom,User,https://github.com/robsonamcom,https://api.github.com/users/robsonamcom,1584116663
128244662,prefeiturasp/SME-Integracao-EOL,https://github.com/prefeiturasp/SME-Integracao-EOL,https://api.github.com/repos/prefeiturasp/SME-Integracao-EOL,20248152,ronaldojsilveira,User,https://github.com/ronaldojsilveira,https://api.github.com/users/ronaldojsilveira,1584116663
128244662,prefeiturasp/SME-Integracao-EOL,https://github.com/prefeiturasp/SME-Integracao-EOL,https://api.github.com/repos/prefeiturasp/SME-Integracao-EOL,37410552,matheuSME,User,https://github.com/matheuSME,https://api.github.com/users/matheuSME,1584116663
213265243,marianohtl/GestaoEscolarWeducareJava,https://github.com/marianohtl/GestaoEscolarWeducareJava,https://api.github.com/repos/marianohtl/GestaoEscolarWeducareJava,37271065,marianohtl,User,https://github.com/marianohtl,https://api.github.com/users/marianohtl,1584116663
245517109,Eduma096/AngularPan,https://github.com/Eduma096/AngularPan,https://api.github.com/repos/Eduma096/AngularPan,37314022,Eduma096,User,https://github.com/Eduma096,https://api.github.com/users/Eduma096,1584116664
184495584,BrunoWeberty/AplicacaoSecretariaEscolar,https://github.com/BrunoWeberty/AplicacaoSecretariaEscolar,https://api.github.com/repos/BrunoWeberty/AplicacaoSecretariaEscolar,30512736,BrunoWeberty,User,https://github.com/BrunoWeberty,https://api.github.com/users/BrunoWeberty,1584116664
210501586,wellingtonf-souza/dash_enem,https://github.com/wellingtonf-souza/dash_enem,https://api.github.com/repos/wellingtonf-souza/dash_enem,52857488,wellingtonf-souza,User,https://github.com/wellingtonf-souza,https://api.github.com/users/wellingtonf-souza,1584116664
109746738,Torugo/PCS5031-tarefas,https://github.com/Torugo/PCS5031-tarefas,https://api.github.com/repos/Torugo/PCS5031-tarefas,2569689,Torugo,User,https://github.com/Torugo,https://api.github.com/users/Torugo,1584116665
181101679,MarceloNascc/JCardoso-Rel-Alunos,https://github.com/MarceloNascc/JCardoso-Rel-Alunos,https://api.github.com/repos/MarceloNascc/JCardoso-Rel-Alunos,31549089,MarceloNascc,User,https://github.com/MarceloNascc,https://api.github.com/users/MarceloNascc,1584116665
141945504,LucasAlves1996/cmet,https://github.com/LucasAlves1996/cmet,https://api.github.com/repos/LucasAlves1996/cmet,37453756,LucasAlves1996,User,https://github.com/LucasAlves1996,https://api.github.com/users/LucasAlves1996,1584116666
196231251,pietroz123/Educa-Brasil-Aplicacao,https://github.com/pietroz123/Educa-Brasil-Aplicacao,https://api.github.com/repos/pietroz123/Educa-Brasil-Aplicacao,42544222,BiancaGs,User,https://github.com/BiancaGs,https://api.github.com/users/BiancaGs,1584116666
196231251,pietroz123/Educa-Brasil-Aplicacao,https://github.com/pietroz123/Educa-Brasil-Aplicacao,https://api.github.com/repos/pietroz123/Educa-Brasil-Aplicacao,38860782,pietroz123,User,https://github.com/pietroz123,https://api.github.com/users/pietroz123,1584116666
197663023,BiancaGs/Educa-Brasil-SBD-e-Web,https://github.com/BiancaGs/Educa-Brasil-SBD-e-Web,https://api.github.com/repos/BiancaGs/Educa-Brasil-SBD-e-Web,42544222,BiancaGs,User,https://github.com/BiancaGs,https://api.github.com/users/BiancaGs,1584116666
197663023,BiancaGs/Educa-Brasil-SBD-e-Web,https://github.com/BiancaGs/Educa-Brasil-SBD-e-Web,https://api.github.com/repos/BiancaGs/Educa-Brasil-SBD-e-Web,38860782,pietroz123,User,https://github.com/pietroz123,https://api.github.com/users/pietroz123,1584116666
155173763,jordaoalves/CCD2018-Number-One,https://github.com/jordaoalves/CCD2018-Number-One,https://api.github.com/repos/jordaoalves/CCD2018-Number-One,37561154,jordaoalves,User,https://github.com/jordaoalves,https://api.github.com/users/jordaoalves,1584116667
80876319,psychodeath/AED_Contacts,https://github.com/psychodeath/AED_Contacts,https://api.github.com/repos/psychodeath/AED_Contacts,6414348,psychodeath,User,https://github.com/psychodeath,https://api.github.com/users/psychodeath,1584116667
105210116,lauromartins/school_data_analysis,https://github.com/lauromartins/school_data_analysis,https://api.github.com/repos/lauromartins/school_data_analysis,29004780,lauromartins,User,https://github.com/lauromartins,https://api.github.com/users/lauromartins,1584116668
193793089,genivaljunior/Consumo-de-drogas-ilicitas-em-escolares-do-9-ano-PENSE-2015,https://github.com/genivaljunior/Consumo-de-drogas-ilicitas-em-escolares-do-9-ano-PENSE-2015,https://api.github.com/repos/genivaljunior/Consumo-de-drogas-ilicitas-em-escolares-do-9-ano-PENSE-2015,45978532,genivaljunior,User,https://github.com/genivaljunior,https://api.github.com/users/genivaljunior,1584116668
246578095,DanubioLima/AppNode.js,https://github.com/DanubioLima/AppNode.js,https://api.github.com/repos/DanubioLima/AppNode.js,57221179,DanubioLima,User,https://github.com/DanubioLima,https://api.github.com/users/DanubioLima,1584116668
102906884,violigon/Sistema_Gerenciamento_Cafeteria,https://github.com/violigon/Sistema_Gerenciamento_Cafeteria,https://api.github.com/repos/violigon/Sistema_Gerenciamento_Cafeteria,17714550,violigon,User,https://github.com/violigon,https://api.github.com/users/violigon,1584116669
184561250,Tjay98/bookids,https://github.com/Tjay98/bookids,https://api.github.com/repos/Tjay98/bookids,43637944,Tjay98,User,https://github.com/Tjay98,https://api.github.com/users/Tjay98,1584116669
194279189,ViniciusGarciaSilva/tv-routine-api,https://github.com/ViniciusGarciaSilva/tv-routine-api,https://api.github.com/repos/ViniciusGarciaSilva/tv-routine-api,42654364,ViniciusGarciaSilva,User,https://github.com/ViniciusGarciaSilva,https://api.github.com/users/ViniciusGarciaSilva,1584116670
194279189,ViniciusGarciaSilva/tv-routine-api,https://github.com/ViniciusGarciaSilva/tv-routine-api,https://api.github.com/repos/ViniciusGarciaSilva/tv-routine-api,18462150,Garcinha,User,https://github.com/Garcinha,https://api.github.com/users/Garcinha,1584116670
219723036,JOTdS/SAEEM,https://github.com/JOTdS/SAEEM,https://api.github.com/repos/JOTdS/SAEEM,49212746,JOTdS,User,https://github.com/JOTdS,https://api.github.com/users/JOTdS,1584116670
219723036,JOTdS/SAEEM,https://github.com/JOTdS/SAEEM,https://api.github.com/repos/JOTdS/SAEEM,19354608,Renato-P-Silva,User,https://github.com/Renato-P-Silva,https://api.github.com/users/Renato-P-Silva,1584116670
219723036,JOTdS/SAEEM,https://github.com/JOTdS/SAEEM,https://api.github.com/repos/JOTdS/SAEEM,25508157,edilbertobraz,User,https://github.com/edilbertobraz,https://api.github.com/users/edilbertobraz,1584116670
179588660,ReidnerRodriguesDeOliveira/site2,https://github.com/ReidnerRodriguesDeOliveira/site2,https://api.github.com/repos/ReidnerRodriguesDeOliveira/site2,49278187,ReidnerRodriguesDeOliveira,User,https://github.com/ReidnerRodriguesDeOliveira,https://api.github.com/users/ReidnerRodriguesDeOliveira,1584116671
25948704,Ricardozandonai/BnuVerifica,https://github.com/Ricardozandonai/BnuVerifica,https://api.github.com/repos/Ricardozandonai/BnuVerifica,9455218,Ricardozandonai,User,https://github.com/Ricardozandonai,https://api.github.com/users/Ricardozandonai,1584116671
241791662,guipessato/SG-de-alojamentos---TCC,https://github.com/guipessato/SG-de-alojamentos---TCC,https://api.github.com/repos/guipessato/SG-de-alojamentos---TCC,44441473,guipessato,User,https://github.com/guipessato,https://api.github.com/users/guipessato,1584116672
25136828,petcomputacaoufrgs/pet-mitos,https://github.com/petcomputacaoufrgs/pet-mitos,https://api.github.com/repos/petcomputacaoufrgs/pet-mitos,11176059,augustotimm,User,https://github.com/augustotimm,https://api.github.com/users/augustotimm,1584116672
25136828,petcomputacaoufrgs/pet-mitos,https://github.com/petcomputacaoufrgs/pet-mitos,https://api.github.com/repos/petcomputacaoufrgs/pet-mitos,9170580,leofilipe,User,https://github.com/leofilipe,https://api.github.com/users/leofilipe,1584116672
231948055,gmachado1/CursoModernoJavascriptUdemy,https://github.com/gmachado1/CursoModernoJavascriptUdemy,https://api.github.com/repos/gmachado1/CursoModernoJavascriptUdemy,2084167,gmachado1,User,https://github.com/gmachado1,https://api.github.com/users/gmachado1,1584116672
141294553,rdsilva/DS_INEP,https://github.com/rdsilva/DS_INEP,https://api.github.com/repos/rdsilva/DS_INEP,11248308,rdsilva,User,https://github.com/rdsilva,https://api.github.com/users/rdsilva,1584116673
214041954,cesaraugusto98/MicrodadosINEP,https://github.com/cesaraugusto98/MicrodadosINEP,https://api.github.com/repos/cesaraugusto98/MicrodadosINEP,32581601,cesaraugusto98,User,https://github.com/cesaraugusto98,https://api.github.com/users/cesaraugusto98,1584116673
200102325,IcaroJerry/inep-scrapper,https://github.com/IcaroJerry/inep-scrapper,https://api.github.com/repos/IcaroJerry/inep-scrapper,9601443,IcaroJerry,User,https://github.com/IcaroJerry,https://api.github.com/users/IcaroJerry,1584116674
200102325,IcaroJerry/inep-scrapper,https://github.com/IcaroJerry/inep-scrapper,https://api.github.com/repos/IcaroJerry/inep-scrapper,16494866,cjlcarvalho,User,https://github.com/cjlcarvalho,https://api.github.com/users/cjlcarvalho,1584116674
10636305,gcmartinelli/censo-educacao,https://github.com/gcmartinelli/censo-educacao,https://api.github.com/repos/gcmartinelli/censo-educacao,1650735,gcmartinelli,User,https://github.com/gcmartinelli,https://api.github.com/users/gcmartinelli,1584116674
137289906,Warleygomes/INEP-MICRODADOS-2014,https://github.com/Warleygomes/INEP-MICRODADOS-2014,https://api.github.com/repos/Warleygomes/INEP-MICRODADOS-2014,37269140,Warleygomes,User,https://github.com/Warleygomes,https://api.github.com/users/Warleygomes,1584116674
224536668,guilhermeUndy/Microdados-INEP-ENEM-Candidatos-com-Deficit-de-Atencao,https://github.com/guilhermeUndy/Microdados-INEP-ENEM-Candidatos-com-Deficit-de-Atencao,https://api.github.com/repos/guilhermeUndy/Microdados-INEP-ENEM-Candidatos-com-Deficit-de-Atencao,42893957,guilhermeUndy,User,https://github.com/guilhermeUndy,https://api.github.com/users/guilhermeUndy,1584116675
195689238,MarthinKorb/Fila-e-Pilha-Java,https://github.com/MarthinKorb/Fila-e-Pilha-Java,https://api.github.com/repos/MarthinKorb/Fila-e-Pilha-Java,45502466,MarthinKorb,User,https://github.com/MarthinKorb,https://api.github.com/users/MarthinKorb,1584116675
70649361,FusRoDah061/Informatica-no-Balao,https://github.com/FusRoDah061/Informatica-no-Balao,https://api.github.com/repos/FusRoDah061/Informatica-no-Balao,18372991,FusRoDah061,User,https://github.com/FusRoDah061,https://api.github.com/users/FusRoDah061,1584116676
197662466,BiancaGs/Educa-Brasil-Aplicacao-Web,https://github.com/BiancaGs/Educa-Brasil-Aplicacao-Web,https://api.github.com/repos/BiancaGs/Educa-Brasil-Aplicacao-Web,42544222,BiancaGs,User,https://github.com/BiancaGs,https://api.github.com/users/BiancaGs,1584116676
197662466,BiancaGs/Educa-Brasil-Aplicacao-Web,https://github.com/BiancaGs/Educa-Brasil-Aplicacao-Web,https://api.github.com/repos/BiancaGs/Educa-Brasil-Aplicacao-Web,38860782,pietroz123,User,https://github.com/pietroz123,https://api.github.com/users/pietroz123,1584116676
116410957,rafaelsagawe/Sistema.de.Busca,https://github.com/rafaelsagawe/Sistema.de.Busca,https://api.github.com/repos/rafaelsagawe/Sistema.de.Busca,12927040,rafaelsagawe,User,https://github.com/rafaelsagawe,https://api.github.com/users/rafaelsagawe,1584116677
101228920,tmarquesini/gdae-data,https://github.com/tmarquesini/gdae-data,https://api.github.com/repos/tmarquesini/gdae-data,5427788,tmarquesini,User,https://github.com/tmarquesini,https://api.github.com/users/tmarquesini,1584116677
189326951,JoaoVictorCabraldeMelo/ProfessorEscola,https://github.com/JoaoVictorCabraldeMelo/ProfessorEscola,https://api.github.com/repos/JoaoVictorCabraldeMelo/ProfessorEscola,22121872,JoaoVictorCabraldeMelo,User,https://github.com/JoaoVictorCabraldeMelo,https://api.github.com/users/JoaoVictorCabraldeMelo,1584116677
217170693,W4gnerG/Replicador,https://github.com/W4gnerG/Replicador,https://api.github.com/repos/W4gnerG/Replicador,51195345,W4gnerG,User,https://github.com/W4gnerG,https://api.github.com/users/W4gnerG,1584116678
217170693,W4gnerG/Replicador,https://github.com/W4gnerG/Replicador,https://api.github.com/repos/W4gnerG/Replicador,55897226,PBreno,User,https://github.com/PBreno,https://api.github.com/users/PBreno,1584116678
85987390,rodolfoalves/autoRegistra,https://github.com/rodolfoalves/autoRegistra,https://api.github.com/repos/rodolfoalves/autoRegistra,22660765,joficial,User,https://github.com/joficial,https://api.github.com/users/joficial,1584116678
194137958,rairangelos/apiSchoolPE,https://github.com/rairangelos/apiSchoolPE,https://api.github.com/repos/rairangelos/apiSchoolPE,23586059,rairangelos,User,https://github.com/rairangelos,https://api.github.com/users/rairangelos,1584116679
224513703,PedroCruzADS/ADP,https://github.com/PedroCruzADS/ADP,https://api.github.com/repos/PedroCruzADS/ADP,56441411,PedroCruzADS,User,https://github.com/PedroCruzADS,https://api.github.com/users/PedroCruzADS,1584116679
133074456,tmarquesini/sed-data,https://github.com/tmarquesini/sed-data,https://api.github.com/repos/tmarquesini/sed-data,5427788,tmarquesini,User,https://github.com/tmarquesini,https://api.github.com/users/tmarquesini,1584116680
24470896,nilsjuniordg/APTECH_FORMACAO_JAVA_4,https://github.com/nilsjuniordg/APTECH_FORMACAO_JAVA_4,https://api.github.com/repos/nilsjuniordg/APTECH_FORMACAO_JAVA_4,8847238,nilsjuniordg,User,https://github.com/nilsjuniordg,https://api.github.com/users/nilsjuniordg,1584116680
206482475,InfraSchools/infraschools.github.io,https://github.com/InfraSchools/infraschools.github.io,https://api.github.com/repos/InfraSchools/infraschools.github.io,20489309,Kimbellyf,User,https://github.com/Kimbellyf,https://api.github.com/users/Kimbellyf,1584116681
189131095,vinibispo/sql-etecvav,https://github.com/vinibispo/sql-etecvav,https://api.github.com/repos/vinibispo/sql-etecvav,48097622,vinibispo,User,https://github.com/vinibispo,https://api.github.com/users/vinibispo,1584116681
224853277,beogivaljr/pipeline_mips,https://github.com/beogivaljr/pipeline_mips,https://api.github.com/repos/beogivaljr/pipeline_mips,50037443,beogivaljr,User,https://github.com/beogivaljr,https://api.github.com/users/beogivaljr,1584116682
224853277,beogivaljr/pipeline_mips,https://github.com/beogivaljr/pipeline_mips,https://api.github.com/repos/beogivaljr/pipeline_mips,38143255,EiVinny,User,https://github.com/EiVinny,https://api.github.com/users/EiVinny,1584116682
196230636,pietroz123/Educa-Brasil-WEB-e-SBD,https://github.com/pietroz123/Educa-Brasil-WEB-e-SBD,https://api.github.com/repos/pietroz123/Educa-Brasil-WEB-e-SBD,42544222,BiancaGs,User,https://github.com/BiancaGs,https://api.github.com/users/BiancaGs,1584116682
196230636,pietroz123/Educa-Brasil-WEB-e-SBD,https://github.com/pietroz123/Educa-Brasil-WEB-e-SBD,https://api.github.com/repos/pietroz123/Educa-Brasil-WEB-e-SBD,38860782,pietroz123,User,https://github.com/pietroz123,https://api.github.com/users/pietroz123,1584116682
96260646,weullermarcos/Android_Busca_Escolas,https://github.com/weullermarcos/Android_Busca_Escolas,https://api.github.com/repos/weullermarcos/Android_Busca_Escolas,6360999,weullermarcos,User,https://github.com/weullermarcos,https://api.github.com/users/weullermarcos,1584116683
244369658,Israelmath/Escola-com-db,https://github.com/Israelmath/Escola-com-db,https://api.github.com/repos/Israelmath/Escola-com-db,60768876,Israelmath,User,https://github.com/Israelmath,https://api.github.com/users/Israelmath,1584116683
168545919,caio-medina/Diario-Escolar,https://github.com/caio-medina/Diario-Escolar,https://api.github.com/repos/caio-medina/Diario-Escolar,2964080,caio-medina,User,https://github.com/caio-medina,https://api.github.com/users/caio-medina,1584116683
132295425,GustavoRieper/Site-para-Escolas,https://github.com/GustavoRieper/Site-para-Escolas,https://api.github.com/repos/GustavoRieper/Site-para-Escolas,32362522,GustavoRieper,User,https://github.com/GustavoRieper,https://api.github.com/users/GustavoRieper,1584116684
141942462,LucasAlves1996/Sistema-Escolar-Java,https://github.com/LucasAlves1996/Sistema-Escolar-Java,https://api.github.com/repos/LucasAlves1996/Sistema-Escolar-Java,37453756,LucasAlves1996,User,https://github.com/LucasAlves1996,https://api.github.com/users/LucasAlves1996,1584116684
240230181,brunomc-eco/curso_projR_ENBT,https://github.com/brunomc-eco/curso_projR_ENBT,https://api.github.com/repos/brunomc-eco/curso_projR_ENBT,52710479,brunomc-eco,User,https://github.com/brunomc-eco,https://api.github.com/users/brunomc-eco,1584116685
27322153,luizromariofilho/EducarEmCasa,https://github.com/luizromariofilho/EducarEmCasa,https://api.github.com/repos/luizromariofilho/EducarEmCasa,5161766,luizromariofilho,User,https://github.com/luizromariofilho,https://api.github.com/users/luizromariofilho,1584116685
55102724,catarinaribeir0/Database-Howgarts,https://github.com/catarinaribeir0/Database-Howgarts,https://api.github.com/repos/catarinaribeir0/Database-Howgarts,17519553,catarinaribeir0,User,https://github.com/catarinaribeir0,https://api.github.com/users/catarinaribeir0,1584116686
38361699,VIGION/JavaFX_25e_SQL_APP_ESCOLA,https://github.com/VIGION/JavaFX_25e_SQL_APP_ESCOLA,https://api.github.com/repos/VIGION/JavaFX_25e_SQL_APP_ESCOLA,10374737,esfd-ferraz,User,https://github.com/esfd-ferraz,https://api.github.com/users/esfd-ferraz,1584116686
146927575,wcostale/Base-conhecimento,https://github.com/wcostale/Base-conhecimento,https://api.github.com/repos/wcostale/Base-conhecimento,9037848,wcostale,User,https://github.com/wcostale,https://api.github.com/users/wcostale,1584116687
138107582,s7Thiago/pe_work,https://github.com/s7Thiago/pe_work,https://api.github.com/repos/s7Thiago/pe_work,37230912,s7Thiago,User,https://github.com/s7Thiago,https://api.github.com/users/s7Thiago,1584116687
240930028,Leovsimoes/ENEM2018,https://github.com/Leovsimoes/ENEM2018,https://api.github.com/repos/Leovsimoes/ENEM2018,61119197,Leovsimoes,User,https://github.com/Leovsimoes,https://api.github.com/users/Leovsimoes,1584116687
9308313,manoelpedroneto/enemviewer,https://github.com/manoelpedroneto/enemviewer,https://api.github.com/repos/manoelpedroneto/enemviewer,3846023,ilueny,User,https://github.com/ilueny,https://api.github.com/users/ilueny,1584116688
9308313,manoelpedroneto/enemviewer,https://github.com/manoelpedroneto/enemviewer,https://api.github.com/repos/manoelpedroneto/enemviewer,3912426,judf,User,https://github.com/judf,https://api.github.com/users/judf,1584116688
134410026,fnw/dados-enade-visualizacao-2018-1,https://github.com/fnw/dados-enade-visualizacao-2018-1,https://api.github.com/repos/fnw/dados-enade-visualizacao-2018-1,5932488,fnw,User,https://github.com/fnw,https://api.github.com/users/fnw,1584116688
124132248,mgaldino/transfer_educ,https://github.com/mgaldino/transfer_educ,https://api.github.com/repos/mgaldino/transfer_educ,1670844,mgaldino,User,https://github.com/mgaldino,https://api.github.com/users/mgaldino,1584116689
199077598,rbsdev/rank-escolas-2018,https://github.com/rbsdev/rank-escolas-2018,https://api.github.com/repos/rbsdev/rank-escolas-2018,13855182,Hermeswdk,User,https://github.com/Hermeswdk,https://api.github.com/users/Hermeswdk,1584116689
218399517,motax30/Evolucao_do_Numero_Pessoas_Com_Deficiencia_que_realizaram_o_ENEM,https://github.com/motax30/Evolucao_do_Numero_Pessoas_Com_Deficiencia_que_realizaram_o_ENEM,https://api.github.com/repos/motax30/Evolucao_do_Numero_Pessoas_Com_Deficiencia_que_realizaram_o_ENEM,11576785,motax30,User,https://github.com/motax30,https://api.github.com/users/motax30,1584116690
224430734,victorsmachado/notasenemregiao,https://github.com/victorsmachado/notasenemregiao,https://api.github.com/repos/victorsmachado/notasenemregiao,48452755,victorsmachado,User,https://github.com/victorsmachado,https://api.github.com/users/victorsmachado,1584116690
236628240,AndreMTolentino/Formacao_ML_Alura,https://github.com/AndreMTolentino/Formacao_ML_Alura,https://api.github.com/repos/AndreMTolentino/Formacao_ML_Alura,58954954,AndreMTolentino,User,https://github.com/AndreMTolentino,https://api.github.com/users/AndreMTolentino,1584116690
144844047,evandropp10/calculate-enem-score-golang-google-big-query,https://github.com/evandropp10/calculate-enem-score-golang-google-big-query,https://api.github.com/repos/evandropp10/calculate-enem-score-golang-google-big-query,13423540,evandropp10,User,https://github.com/evandropp10,https://api.github.com/users/evandropp10,1584116691
224756418,JVMedeiros/Analise-de-Dados-INEP,https://github.com/JVMedeiros/Analise-de-Dados-INEP,https://api.github.com/repos/JVMedeiros/Analise-de-Dados-INEP,53566373,JVMedeiros,User,https://github.com/JVMedeiros,https://api.github.com/users/JVMedeiros,1584116691
218361100,Aureom/Analise-ENEM-2018,https://github.com/Aureom/Analise-ENEM-2018,https://api.github.com/repos/Aureom/Analise-ENEM-2018,38025621,Aureom,User,https://github.com/Aureom,https://api.github.com/users/Aureom,1584116692
182416830,yagoluiz/enem-analise-extracao,https://github.com/yagoluiz/enem-analise-extracao,https://api.github.com/repos/yagoluiz/enem-analise-extracao,5748724,yagoluiz,User,https://github.com/yagoluiz,https://api.github.com/users/yagoluiz,1584116692
183504108,Qjao02/Analise-base-enem,https://github.com/Qjao02/Analise-base-enem,https://api.github.com/repos/Qjao02/Analise-base-enem,22970515,Qjao02,User,https://github.com/Qjao02,https://api.github.com/users/Qjao02,1584116693
218399814,evertonrbraga/enem-evolucao-da-media,https://github.com/evertonrbraga/enem-evolucao-da-media,https://api.github.com/repos/evertonrbraga/enem-evolucao-da-media,17302824,gpromao,User,https://github.com/gpromao,https://api.github.com/users/gpromao,1584116694
218399814,evertonrbraga/enem-evolucao-da-media,https://github.com/evertonrbraga/enem-evolucao-da-media,https://api.github.com/repos/evertonrbraga/enem-evolucao-da-media,25904662,evertonrbraga,User,https://github.com/evertonrbraga,https://api.github.com/users/evertonrbraga,1584116694
218286470,bibiacoutinho/Analise-Dados-Inscritos-Comparecimentos-ENEM,https://github.com/bibiacoutinho/Analise-Dados-Inscritos-Comparecimentos-ENEM,https://api.github.com/repos/bibiacoutinho/Analise-Dados-Inscritos-Comparecimentos-ENEM,47335709,ThiagoRovetta,User,https://github.com/ThiagoRovetta,https://api.github.com/users/ThiagoRovetta,1584116694
218286470,bibiacoutinho/Analise-Dados-Inscritos-Comparecimentos-ENEM,https://github.com/bibiacoutinho/Analise-Dados-Inscritos-Comparecimentos-ENEM,https://api.github.com/repos/bibiacoutinho/Analise-Dados-Inscritos-Comparecimentos-ENEM,56437723,bibiacoutinho,User,https://github.com/bibiacoutinho,https://api.github.com/users/bibiacoutinho,1584116694
36040405,torraodocerrado/microdados_enem,https://github.com/torraodocerrado/microdados_enem,https://api.github.com/repos/torraodocerrado/microdados_enem,4398239,rpoatendimento,User,https://github.com/rpoatendimento,https://api.github.com/users/rpoatendimento,1584116694
36040405,torraodocerrado/microdados_enem,https://github.com/torraodocerrado/microdados_enem,https://api.github.com/repos/torraodocerrado/microdados_enem,8656221,torraodocerrado,User,https://github.com/torraodocerrado,https://api.github.com/users/torraodocerrado,1584116694
127351309,prefeiturasp/SME-PT-EducacaoInfantil,https://github.com/prefeiturasp/SME-PT-EducacaoInfantil,https://api.github.com/repos/prefeiturasp/SME-PT-EducacaoInfantil,37410552,matheuSME,User,https://github.com/matheuSME,https://api.github.com/users/matheuSME,1584116695
175818556,LABipp/pr-educacao,https://github.com/LABipp/pr-educacao,https://api.github.com/repos/LABipp/pr-educacao,20743819,fernandascovino,User,https://github.com/fernandascovino,https://api.github.com/users/fernandascovino,1584116695
63202281,neylsoncrepalde/Enade,https://github.com/neylsoncrepalde/Enade,https://api.github.com/repos/neylsoncrepalde/Enade,17830028,neylsoncrepalde,User,https://github.com/neylsoncrepalde,https://api.github.com/users/neylsoncrepalde,1584116696
108278969,Insper/DadosEngenharias,https://github.com/Insper/DadosEngenharias,https://api.github.com/repos/Insper/DadosEngenharias,5264186,mirwox,User,https://github.com/mirwox,https://api.github.com/users/mirwox,1584116696
218401319,AndreMaurilio/Educacao-Infantil_X_SAEB,https://github.com/AndreMaurilio/Educacao-Infantil_X_SAEB,https://api.github.com/repos/AndreMaurilio/Educacao-Infantil_X_SAEB,42156953,AndreMaurilio,User,https://github.com/AndreMaurilio,https://api.github.com/users/AndreMaurilio,1584116696
216725156,mchiriboga/desafio_dados_educacao_2019,https://github.com/mchiriboga/desafio_dados_educacao_2019,https://api.github.com/repos/mchiriboga/desafio_dados_educacao_2019,42902889,mchiriboga,User,https://github.com/mchiriboga,https://api.github.com/users/mchiriboga,1584116697
223185996,hacksicredi2019/Dados,https://github.com/hacksicredi2019/Dados,https://api.github.com/repos/hacksicredi2019/Dados,57759393,hacksicredi2019,User,https://github.com/hacksicredi2019,https://api.github.com/users/hacksicredi2019,1584116697
153784187,henriquepgomide/dados-abertos-educacao,https://github.com/henriquepgomide/dados-abertos-educacao,https://api.github.com/repos/henriquepgomide/dados-abertos-educacao,1854115,henriquepgomide,User,https://github.com/henriquepgomide,https://api.github.com/users/henriquepgomide,1584116698
210201276,BrunoSchaefer/site,https://github.com/BrunoSchaefer/site,https://api.github.com/repos/BrunoSchaefer/site,55668088,BrunoSchaefer,User,https://github.com/BrunoSchaefer,https://api.github.com/users/BrunoSchaefer,1584116698
149044367,cmartins-ifpa/educ-br,https://github.com/cmartins-ifpa/educ-br,https://api.github.com/repos/cmartins-ifpa/educ-br,43325513,cmartins-ifpa,User,https://github.com/cmartins-ifpa,https://api.github.com/users/cmartins-ifpa,1584116698
220835730,alineat/datathon-educacao,https://github.com/alineat/datathon-educacao,https://api.github.com/repos/alineat/datathon-educacao,26714655,alineat,User,https://github.com/alineat,https://api.github.com/users/alineat,1584116699
191342654,ncgc/Analise-de-Dados_Educacao-Basica,https://github.com/ncgc/Analise-de-Dados_Educacao-Basica,https://api.github.com/repos/ncgc/Analise-de-Dados_Educacao-Basica,39954034,ncgc,User,https://github.com/ncgc,https://api.github.com/users/ncgc,1584116699
219068902,SamanthaReiis/Mapa-Educacao,https://github.com/SamanthaReiis/Mapa-Educacao,https://api.github.com/repos/SamanthaReiis/Mapa-Educacao,47303136,SamanthaReiis,User,https://github.com/SamanthaReiis,https://api.github.com/users/SamanthaReiis,1584116699
206386666,GiliardGodoi/censo-educacao-2018,https://github.com/GiliardGodoi/censo-educacao-2018,https://api.github.com/repos/GiliardGodoi/censo-educacao-2018,8151874,GiliardGodoi,User,https://github.com/GiliardGodoi,https://api.github.com/users/GiliardGodoi,1584116700
221099347,matheusccouto/analise-da-educacao-de-base-brasileira,https://github.com/matheusccouto/analise-da-educacao-de-base-brasileira,https://api.github.com/repos/matheusccouto/analise-da-educacao-de-base-brasileira,37025583,matheusccouto,User,https://github.com/matheusccouto,https://api.github.com/users/matheusccouto,1584116700
245912231,diogoeverson/Data-Sprints-Teste,https://github.com/diogoeverson/Data-Sprints-Teste,https://api.github.com/repos/diogoeverson/Data-Sprints-Teste,43218725,diogoeverson,User,https://github.com/diogoeverson,https://api.github.com/users/diogoeverson,1584116701
225176754,EricaSantos2109/Analise-de-dados-ENADE2017,https://github.com/EricaSantos2109/Analise-de-dados-ENADE2017,https://api.github.com/repos/EricaSantos2109/Analise-de-dados-ENADE2017,45368525,EricaSantos2109,User,https://github.com/EricaSantos2109,https://api.github.com/users/EricaSantos2109,1584116701
73184886,labvis-ufrj/EnemEmDados,https://github.com/labvis-ufrj/EnemEmDados,https://api.github.com/repos/labvis-ufrj/EnemEmDados,15091248,HeitorTomaz,User,https://github.com/HeitorTomaz,https://api.github.com/users/HeitorTomaz,1584116702
55318843,wfdeco/IESB-AED1,https://github.com/wfdeco/IESB-AED1,https://api.github.com/repos/wfdeco/IESB-AED1,15803712,wfdeco,User,https://github.com/wfdeco,https://api.github.com/users/wfdeco,1584116702
59422273,AlexAvilaSilva/banocdedadosenade,https://github.com/AlexAvilaSilva/banocdedadosenade,https://api.github.com/repos/AlexAvilaSilva/banocdedadosenade,18562262,IraOliveira,User,https://github.com/IraOliveira,https://api.github.com/users/IraOliveira,1584116702
144521983,thiagomarquesrocha/ENADE-2014,https://github.com/thiagomarquesrocha/ENADE-2014,https://api.github.com/repos/thiagomarquesrocha/ENADE-2014,10691623,thiagomarquesrocha,User,https://github.com/thiagomarquesrocha,https://api.github.com/users/thiagomarquesrocha,1584116703
105955624,lucastedeschi/it_webapi_enade,https://github.com/lucastedeschi/it_webapi_enade,https://api.github.com/repos/lucastedeschi/it_webapi_enade,10997243,lucastedeschi,User,https://github.com/lucastedeschi,https://api.github.com/users/lucastedeschi,1584116703
224765889,TomLuiz/data-analyst-INEP-ENADE-2009TO2013,https://github.com/TomLuiz/data-analyst-INEP-ENADE-2009TO2013,https://api.github.com/repos/TomLuiz/data-analyst-INEP-ENADE-2009TO2013,57255197,TomLuiz,User,https://github.com/TomLuiz,https://api.github.com/users/TomLuiz,1584116703
223683734,maurosakugawa/Analise-sobre-o-numero-de-alunos-masculinos-e-femininos-nos-cursos-da-rea-de-TI-entre-2005-a-2017,https://github.com/maurosakugawa/Analise-sobre-o-numero-de-alunos-masculinos-e-femininos-nos-cursos-da-rea-de-TI-entre-2005-a-2017,https://api.github.com/repos/maurosakugawa/Analise-sobre-o-numero-de-alunos-masculinos-e-femininos-nos-cursos-da-rea-de-TI-entre-2005-a-2017,43210185,maurosakugawa,User,https://github.com/maurosakugawa,https://api.github.com/users/maurosakugawa,1584116704
223683734,maurosakugawa/Analise-sobre-o-numero-de-alunos-masculinos-e-femininos-nos-cursos-da-rea-de-TI-entre-2005-a-2017,https://github.com/maurosakugawa/Analise-sobre-o-numero-de-alunos-masculinos-e-femininos-nos-cursos-da-rea-de-TI-entre-2005-a-2017,https://api.github.com/repos/maurosakugawa/Analise-sobre-o-numero-de-alunos-masculinos-e-femininos-nos-cursos-da-rea-de-TI-entre-2005-a-2017,50203486,EduardoPereiraBoares,User,https://github.com/EduardoPereiraBoares,https://api.github.com/users/EduardoPereiraBoares,1584116704
134228651,junglejf/Data-Science-of-ENADE,https://github.com/junglejf/Data-Science-of-ENADE,https://api.github.com/repos/junglejf/Data-Science-of-ENADE,12838919,junglejf,User,https://github.com/junglejf,https://api.github.com/users/junglejf,1584116704
194687312,cyro-garcez/pb_9ef,https://github.com/cyro-garcez/pb_9ef,https://api.github.com/repos/cyro-garcez/pb_9ef,52359937,cyro-garcez,User,https://github.com/cyro-garcez,https://api.github.com/users/cyro-garcez,1584116705
92205445,GuiMM/VisEnade,https://github.com/GuiMM/VisEnade,https://api.github.com/repos/GuiMM/VisEnade,9899981,leobri93,User,https://github.com/leobri93,https://api.github.com/users/leobri93,1584116705
92205445,GuiMM/VisEnade,https://github.com/GuiMM/VisEnade,https://api.github.com/repos/GuiMM/VisEnade,11179757,GuiMM,User,https://github.com/GuiMM,https://api.github.com/users/GuiMM,1584116705
157411982,EddieKaleb/enade-ufcg,https://github.com/EddieKaleb/enade-ufcg,https://api.github.com/repos/EddieKaleb/enade-ufcg,13735992,EddieKaleb,User,https://github.com/EddieKaleb,https://api.github.com/users/EddieKaleb,1584116705
160431138,hauseman/Iesb,https://github.com/hauseman/Iesb,https://api.github.com/repos/hauseman/Iesb,45610856,hauseman,User,https://github.com/hauseman,https://api.github.com/users/hauseman,1584116706
140207423,marceloalvesuff/iesp_inverno,https://github.com/marceloalvesuff/iesp_inverno,https://api.github.com/repos/marceloalvesuff/iesp_inverno,11844257,marceloalvesuff,User,https://github.com/marceloalvesuff,https://api.github.com/users/marceloalvesuff,1584116706
177881761,barroswilson2012/Trabalho-Final-de-curso-IESB,https://github.com/barroswilson2012/Trabalho-Final-de-curso-IESB,https://api.github.com/repos/barroswilson2012/Trabalho-Final-de-curso-IESB,40751843,barroswilson2012,User,https://github.com/barroswilson2012,https://api.github.com/users/barroswilson2012,1584116707
83886790,vilarino/enade,https://github.com/vilarino/enade,https://api.github.com/repos/vilarino/enade,5432120,vilarino,User,https://github.com/vilarino,https://api.github.com/users/vilarino,1584116707
102408511,ceciliaheinen/iesb-posbi-dataquality,https://github.com/ceciliaheinen/iesb-posbi-dataquality,https://api.github.com/repos/ceciliaheinen/iesb-posbi-dataquality,8205602,avitaliano,User,https://github.com/avitaliano,https://api.github.com/users/avitaliano,1584116708
160420447,aCajueiro/IESB-Ciencia-de-Dados,https://github.com/aCajueiro/IESB-Ciencia-de-Dados,https://api.github.com/repos/aCajueiro/IESB-Ciencia-de-Dados,45609087,aCajueiro,User,https://github.com/aCajueiro,https://api.github.com/users/aCajueiro,1584116708
160420331,ThierrySouza/CienciaDeDados-IESB,https://github.com/ThierrySouza/CienciaDeDados-IESB,https://api.github.com/repos/ThierrySouza/CienciaDeDados-IESB,4357916,ThierrySouza,User,https://github.com/ThierrySouza,https://api.github.com/users/ThierrySouza,1584116709
245282064,DarthFil/IESB_CDIA,https://github.com/DarthFil/IESB_CDIA,https://api.github.com/repos/DarthFil/IESB_CDIA,4419816,DarthFil,User,https://github.com/DarthFil,https://api.github.com/users/DarthFil,1584116709
160433499,cicerosc/Python_iesb_pos,https://github.com/cicerosc/Python_iesb_pos,https://api.github.com/repos/cicerosc/Python_iesb_pos,42703518,cicerosc,User,https://github.com/cicerosc,https://api.github.com/users/cicerosc,1584116709
22218371,rceneviva/Curso_R_IESP_2014,https://github.com/rceneviva/Curso_R_IESP_2014,https://api.github.com/repos/rceneviva/Curso_R_IESP_2014,1843976,rceneviva,User,https://github.com/rceneviva,https://api.github.com/users/rceneviva,1584116710
222098062,elizaferreira/Sistema-de-Base-de-dados-IESB,https://github.com/elizaferreira/Sistema-de-Base-de-dados-IESB,https://api.github.com/repos/elizaferreira/Sistema-de-Base-de-dados-IESB,57023425,elizaferreira,User,https://github.com/elizaferreira,https://api.github.com/users/elizaferreira,1584116710
236882282,wenderson1/IES_MVC,https://github.com/wenderson1/IES_MVC,https://api.github.com/repos/wenderson1/IES_MVC,54518043,wenderson1,User,https://github.com/wenderson1,https://api.github.com/users/wenderson1,1584116711
95786435,leusto/Datasets_Livro_IntMineracaoDados,https://github.com/leusto/Datasets_Livro_IntMineracaoDados,https://api.github.com/repos/leusto/Datasets_Livro_IntMineracaoDados,6121478,leusto,User,https://github.com/leusto,https://api.github.com/users/leusto,1584116711
15077284,acmon/Sivac,https://github.com/acmon/Sivac,https://api.github.com/repos/acmon/Sivac,634495,marcpires,User,https://github.com/marcpires,https://api.github.com/users/marcpires,1584116712
101703592,crviana/md_enade,https://github.com/crviana/md_enade,https://api.github.com/repos/crviana/md_enade,19411695,crviana,User,https://github.com/crviana,https://api.github.com/users/crviana,1584116712
224418338,EricaSantos2109/Analise-de-dados-ENADE2015,https://github.com/EricaSantos2109/Analise-de-dados-ENADE2015,https://api.github.com/repos/EricaSantos2109/Analise-de-dados-ENADE2015,45368525,EricaSantos2109,User,https://github.com/EricaSantos2109,https://api.github.com/users/EricaSantos2109,1584116712
114498263,marcelocamacho/lazyload2postgres,https://github.com/marcelocamacho/lazyload2postgres,https://api.github.com/repos/marcelocamacho/lazyload2postgres,1290278,marcelocamacho,User,https://github.com/marcelocamacho,https://api.github.com/users/marcelocamacho,1584116713
215075065,W8jonas/projExtencao,https://github.com/W8jonas/projExtencao,https://api.github.com/repos/W8jonas/projExtencao,39463872,W8jonas,User,https://github.com/W8jonas,https://api.github.com/users/W8jonas,1584116713
233720333,andremenegatti/boletim-educacao,https://github.com/andremenegatti/boletim-educacao,https://api.github.com/repos/andremenegatti/boletim-educacao,49005012,andremenegatti,User,https://github.com/andremenegatti,https://api.github.com/users/andremenegatti,1584116714
224633579,CrisRRafael/Analise_Dados_INEP_Autismo,https://github.com/CrisRRafael/Analise_Dados_INEP_Autismo,https://api.github.com/repos/CrisRRafael/Analise_Dados_INEP_Autismo,56441292,diegosilva89,User,https://github.com/diegosilva89,https://api.github.com/users/diegosilva89,1584116714
224633579,CrisRRafael/Analise_Dados_INEP_Autismo,https://github.com/CrisRRafael/Analise_Dados_INEP_Autismo,https://api.github.com/repos/CrisRRafael/Analise_Dados_INEP_Autismo,56441321,CrisRRafael,User,https://github.com/CrisRRafael,https://api.github.com/users/CrisRRafael,1584116714
233886926,Castagnna/Analise-ENEM,https://github.com/Castagnna/Analise-ENEM,https://api.github.com/repos/Castagnna/Analise-ENEM,56129919,Castagnna,User,https://github.com/Castagnna,https://api.github.com/users/Castagnna,1584116714
208833486,jonathanjalles/projetoENEM,https://github.com/jonathanjalles/projetoENEM,https://api.github.com/repos/jonathanjalles/projetoENEM,48418237,jonathanjalles,User,https://github.com/jonathanjalles,https://api.github.com/users/jonathanjalles,1584116715
74206519,williamsimiao/DadosINEP,https://github.com/williamsimiao/DadosINEP,https://api.github.com/repos/williamsimiao/DadosINEP,3433756,williamsimiao,User,https://github.com/williamsimiao,https://api.github.com/users/williamsimiao,1584116715
74206519,williamsimiao/DadosINEP,https://github.com/williamsimiao/DadosINEP,https://api.github.com/repos/williamsimiao/DadosINEP,18034802,vamcs,User,https://github.com/vamcs,https://api.github.com/users/vamcs,1584116715
225236751,Navinara/dadosInep,https://github.com/Navinara/dadosInep,https://api.github.com/repos/Navinara/dadosInep,31048163,Navinara,User,https://github.com/Navinara,https://api.github.com/users/Navinara,1584116716
224086182,HammerSteinBrain/AnaliseDadosINEP,https://github.com/HammerSteinBrain/AnaliseDadosINEP,https://api.github.com/repos/HammerSteinBrain/AnaliseDadosINEP,38786988,HammerSteinBrain,User,https://github.com/HammerSteinBrain,https://api.github.com/users/HammerSteinBrain,1584116716
223814606,marciosousa4/dados-inep,https://github.com/marciosousa4/dados-inep,https://api.github.com/repos/marciosousa4/dados-inep,54045555,marciosousa4,User,https://github.com/marciosousa4,https://api.github.com/users/marciosousa4,1584116716
19908919,cultiveduca/cultiveduca,https://github.com/cultiveduca/cultiveduca,https://api.github.com/repos/cultiveduca/cultiveduca,7620080,cultiveduca,User,https://github.com/cultiveduca,https://api.github.com/users/cultiveduca,1584116717
202416152,wellmsan/GetInepMicrodados,https://github.com/wellmsan/GetInepMicrodados,https://api.github.com/repos/wellmsan/GetInepMicrodados,11323541,wellmsan,User,https://github.com/wellmsan,https://api.github.com/users/wellmsan,1584116717
222430677,CauaneAndrade/analise-dados-inep,https://github.com/CauaneAndrade/analise-dados-inep,https://api.github.com/repos/CauaneAndrade/analise-dados-inep,37182059,CauaneAndrade,User,https://github.com/CauaneAndrade,https://api.github.com/users/CauaneAndrade,1584116717
225319555,GiseleBLLapa/PandasINEP,https://github.com/GiseleBLLapa/PandasINEP,https://api.github.com/repos/GiseleBLLapa/PandasINEP,17477164,GiseleBLLapa,User,https://github.com/GiseleBLLapa,https://api.github.com/users/GiseleBLLapa,1584116718
224664738,n-machado/Analise-de-Dados-Publicos-INEP,https://github.com/n-machado/Analise-de-Dados-Publicos-INEP,https://api.github.com/repos/n-machado/Analise-de-Dados-Publicos-INEP,56132792,n-machado,User,https://github.com/n-machado,https://api.github.com/users/n-machado,1584116718
223929075,willyandan/Analise-de-dados-INEP,https://github.com/willyandan/Analise-de-dados-INEP,https://api.github.com/repos/willyandan/Analise-de-dados-INEP,24833417,willyandan,User,https://github.com/willyandan,https://api.github.com/users/willyandan,1584116719
224539182,PedroMendoncaBR/Analise-de-dados-INEP,https://github.com/PedroMendoncaBR/Analise-de-dados-INEP,https://api.github.com/repos/PedroMendoncaBR/Analise-de-dados-INEP,56441214,PedroMendoncaBR,User,https://github.com/PedroMendoncaBR,https://api.github.com/users/PedroMendoncaBR,1584116719
222164324,Renatolopo62/Banco-de-dados-inep,https://github.com/Renatolopo62/Banco-de-dados-inep,https://api.github.com/repos/Renatolopo62/Banco-de-dados-inep,55003800,Renatolopo62,User,https://github.com/Renatolopo62,https://api.github.com/users/Renatolopo62,1584116719
222164324,Renatolopo62/Banco-de-dados-inep,https://github.com/Renatolopo62/Banco-de-dados-inep,https://api.github.com/repos/Renatolopo62/Banco-de-dados-inep,39485348,SamuelRocha17,User,https://github.com/SamuelRocha17,https://api.github.com/users/SamuelRocha17,1584116719
222164324,Renatolopo62/Banco-de-dados-inep,https://github.com/Renatolopo62/Banco-de-dados-inep,https://api.github.com/repos/Renatolopo62/Banco-de-dados-inep,57912728,manaces560,User,https://github.com/manaces560,https://api.github.com/users/manaces560,1584116719
9894994,vispublica/VisPublicaPainelEducacao,https://github.com/vispublica/VisPublicaPainelEducacao,https://api.github.com/repos/vispublica/VisPublicaPainelEducacao,3768406,vispublica,User,https://github.com/vispublica,https://api.github.com/users/vispublica,1584116720
224750974,guilherme4garcia/Analise-Dados-INEP,https://github.com/guilherme4garcia/Analise-Dados-INEP,https://api.github.com/repos/guilherme4garcia/Analise-Dados-INEP,40868447,guilherme4garcia,User,https://github.com/guilherme4garcia,https://api.github.com/users/guilherme4garcia,1584116720
224668379,FelippeAlves/Dados_INEP_PROFESSORES,https://github.com/FelippeAlves/Dados_INEP_PROFESSORES,https://api.github.com/repos/FelippeAlves/Dados_INEP_PROFESSORES,45576703,FelippeAlves,User,https://github.com/FelippeAlves,https://api.github.com/users/FelippeAlves,1584116721
192243131,diegopmayer/dados-inep-escola,https://github.com/diegopmayer/dados-inep-escola,https://api.github.com/repos/diegopmayer/dados-inep-escola,33847158,diegopmayer,User,https://github.com/diegopmayer,https://api.github.com/users/diegopmayer,1584116721
164744612,ProjetosDW-2018-2/censo-escolar-inep,https://github.com/ProjetosDW-2018-2/censo-escolar-inep,https://api.github.com/repos/ProjetosDW-2018-2/censo-escolar-inep,18198972,chicoqueiroga,User,https://github.com/chicoqueiroga,https://api.github.com/users/chicoqueiroga,1584116721
224528493,LuisGuilhermeSousa/Analise-de-Dados_Microdados-INEP,https://github.com/LuisGuilhermeSousa/Analise-de-Dados_Microdados-INEP,https://api.github.com/repos/LuisGuilhermeSousa/Analise-de-Dados_Microdados-INEP,56441318,LuisGuilhermeSousa,User,https://github.com/LuisGuilhermeSousa,https://api.github.com/users/LuisGuilhermeSousa,1584116722
224528487,MatheusCampos-450/Analise-de-Dados_-Microdados-Inep,https://github.com/MatheusCampos-450/Analise-de-Dados_-Microdados-Inep,https://api.github.com/repos/MatheusCampos-450/Analise-de-Dados_-Microdados-Inep,56457600,MatheusCampos-450,User,https://github.com/MatheusCampos-450,https://api.github.com/users/MatheusCampos-450,1584116722
224528487,MatheusCampos-450/Analise-de-Dados_-Microdados-Inep,https://github.com/MatheusCampos-450/Analise-de-Dados_-Microdados-Inep,https://api.github.com/repos/MatheusCampos-450/Analise-de-Dados_-Microdados-Inep,56441318,LuisGuilhermeSousa,User,https://github.com/LuisGuilhermeSousa,https://api.github.com/users/LuisGuilhermeSousa,1584116722
187422655,akemipatricia/R-Project,https://github.com/akemipatricia/R-Project,https://api.github.com/repos/akemipatricia/R-Project,38625934,akemipatricia,User,https://github.com/akemipatricia,https://api.github.com/users/akemipatricia,1584116723
19962367,raulsenaferreira/Hackathon,https://github.com/raulsenaferreira/Hackathon,https://api.github.com/repos/raulsenaferreira/Hackathon,2352322,raulsenaferreira,User,https://github.com/raulsenaferreira,https://api.github.com/users/raulsenaferreira,1584116723
225255045,CarolineNunes/An-lise-de-dados-do-censo-da-eduaca-o-superior-utilizando-microdados-INEP.,https://github.com/CarolineNunes/An-lise-de-dados-do-censo-da-eduaca-o-superior-utilizando-microdados-INEP.,https://api.github.com/repos/CarolineNunes/An-lise-de-dados-do-censo-da-eduaca-o-superior-utilizando-microdados-INEP.,57139663,CarolineNunes,User,https://github.com/CarolineNunes,https://api.github.com/users/CarolineNunes,1584116724
226564268,jffvale/ENEM_LINGUAS,https://github.com/jffvale/ENEM_LINGUAS,https://api.github.com/repos/jffvale/ENEM_LINGUAS,49395421,jffvale,User,https://github.com/jffvale,https://api.github.com/users/jffvale,1584116724
107305142,Silvioest/enemsc,https://github.com/Silvioest/enemsc,https://api.github.com/repos/Silvioest/enemsc,20388262,Silvioest,User,https://github.com/Silvioest,https://api.github.com/users/Silvioest,1584116725
42149679,britoj/enem_2012_analysis,https://github.com/britoj/enem_2012_analysis,https://api.github.com/repos/britoj/enem_2012_analysis,8760228,britoj,User,https://github.com/britoj,https://api.github.com/users/britoj,1584116725
229633225,gbodra/enem-backend,https://github.com/gbodra/enem-backend,https://api.github.com/repos/gbodra/enem-backend,6459442,gbodra,User,https://github.com/gbodra,https://api.github.com/users/gbodra,1584116725
205865783,JoMedeiros/enem-db,https://github.com/JoMedeiros/enem-db,https://api.github.com/repos/JoMedeiros/enem-db,23501167,JoMedeiros,User,https://github.com/JoMedeiros,https://api.github.com/users/JoMedeiros,1584116726
205865783,JoMedeiros/enem-db,https://github.com/JoMedeiros/enem-db,https://api.github.com/repos/JoMedeiros/enem-db,39098083,JimmyMedeiros,User,https://github.com/JimmyMedeiros,https://api.github.com/users/JimmyMedeiros,1584116726
179743512,nataliasm23/enem_2017,https://github.com/nataliasm23/enem_2017,https://api.github.com/repos/nataliasm23/enem_2017,43176292,nataliasm23,User,https://github.com/nataliasm23,https://api.github.com/users/nataliasm23,1584116726
233329751,rob-cruz/microdados,https://github.com/rob-cruz/microdados,https://api.github.com/repos/rob-cruz/microdados,57592276,rob-cruz,User,https://github.com/rob-cruz,https://api.github.com/users/rob-cruz,1584116727
161250367,canoi12/mineracao-dados-ufrn,https://github.com/canoi12/mineracao-dados-ufrn,https://api.github.com/repos/canoi12/mineracao-dados-ufrn,15099243,canoi12,User,https://github.com/canoi12,https://api.github.com/users/canoi12,1584116727
184746797,Natalnet/GCD,https://github.com/Natalnet/GCD,https://api.github.com/repos/Natalnet/GCD,47857173,repitta,User,https://github.com/repitta,https://api.github.com/users/repitta,1584116728
213510211,sielerod/BR-Education-Challenge---DataRocks,https://github.com/sielerod/BR-Education-Challenge---DataRocks,https://api.github.com/repos/sielerod/BR-Education-Challenge---DataRocks,53376413,sielerod,User,https://github.com/sielerod,https://api.github.com/users/sielerod,1584116728
29373687,lucachaves/uniBrasil,https://github.com/lucachaves/uniBrasil,https://api.github.com/repos/lucachaves/uniBrasil,205412,lucachaves,User,https://github.com/lucachaves,https://api.github.com/users/lucachaves,1584116729
130506365,campagnucci/exercitando_pandas,https://github.com/campagnucci/exercitando_pandas,https://api.github.com/repos/campagnucci/exercitando_pandas,2335525,campagnucci,User,https://github.com/campagnucci,https://api.github.com/users/campagnucci,1584116729
191094359,suemarsouza/Quero,https://github.com/suemarsouza/Quero,https://api.github.com/repos/suemarsouza/Quero,24785061,suemarsouza,User,https://github.com/suemarsouza,https://api.github.com/users/suemarsouza,1584116730
238019516,voigtjessica/dados_rede_de_ensino_sp,https://github.com/voigtjessica/dados_rede_de_ensino_sp,https://api.github.com/repos/voigtjessica/dados_rede_de_ensino_sp,23560363,voigtjessica,User,https://github.com/voigtjessica,https://api.github.com/users/voigtjessica,1584116730
215901562,pedrobotellho/projetos,https://github.com/pedrobotellho/projetos,https://api.github.com/repos/pedrobotellho/projetos,55261307,pedrobotellho,User,https://github.com/pedrobotellho,https://api.github.com/users/pedrobotellho,1584116730
224736942,crysthianzaar/AED_Projeto2,https://github.com/crysthianzaar/AED_Projeto2,https://api.github.com/repos/crysthianzaar/AED_Projeto2,52865098,crysthianzaar,User,https://github.com/crysthianzaar,https://api.github.com/users/crysthianzaar,1584116731
224736942,crysthianzaar/AED_Projeto2,https://github.com/crysthianzaar/AED_Projeto2,https://api.github.com/repos/crysthianzaar/AED_Projeto2,50428896,thiagomtd2,User,https://github.com/thiagomtd2,https://api.github.com/users/thiagomtd2,1584116731
161043053,isahsantos/BatalhaDeDadosItau,https://github.com/isahsantos/BatalhaDeDadosItau,https://api.github.com/repos/isahsantos/BatalhaDeDadosItau,29641505,isahsantos,User,https://github.com/isahsantos,https://api.github.com/users/isahsantos,1584116731
226723863,rafaelandrade/pfc-previsao-risco-alunos,https://github.com/rafaelandrade/pfc-previsao-risco-alunos,https://api.github.com/repos/rafaelandrade/pfc-previsao-risco-alunos,29763954,rafaelandrade,User,https://github.com/rafaelandrade,https://api.github.com/users/rafaelandrade,1584116732
44973662,tl81/datascience,https://github.com/tl81/datascience,https://api.github.com/repos/tl81/datascience,15325580,tl81,User,https://github.com/tl81,https://api.github.com/users/tl81,1584116732
223477223,maxnogreis/Analise_de_numero_de_universitarios_e_media_de_idade_dividido_por_cor,https://github.com/maxnogreis/Analise_de_numero_de_universitarios_e_media_de_idade_dividido_por_cor,https://api.github.com/repos/maxnogreis/Analise_de_numero_de_universitarios_e_media_de_idade_dividido_por_cor,42875267,maxnogreis,User,https://github.com/maxnogreis,https://api.github.com/users/maxnogreis,1584116732
178437845,prbronze/IDEB-DATA,https://github.com/prbronze/IDEB-DATA,https://api.github.com/repos/prbronze/IDEB-DATA,45427512,prbronze,User,https://github.com/prbronze,https://api.github.com/users/prbronze,1584116733
115438353,juliocnsouzadev/student_intervention,https://github.com/juliocnsouzadev/student_intervention,https://api.github.com/repos/juliocnsouzadev/student_intervention,3652062,juliocnsouzadev,User,https://github.com/juliocnsouzadev,https://api.github.com/users/juliocnsouzadev,1584116733
193575112,lithg/analise_dados_enem,https://github.com/lithg/analise_dados_enem,https://api.github.com/repos/lithg/analise_dados_enem,35541154,lithg,User,https://github.com/lithg,https://api.github.com/users/lithg,1584116734
179988048,alvaroqueiroz/Analise-Dados-ENEM,https://github.com/alvaroqueiroz/Analise-Dados-ENEM,https://api.github.com/repos/alvaroqueiroz/Analise-Dados-ENEM,23335136,alvaroqueiroz,User,https://github.com/alvaroqueiroz,https://api.github.com/users/alvaroqueiroz,1584116734
224755982,UeresWally/Analise-Dados-Etnia-Enem,https://github.com/UeresWally/Analise-Dados-Etnia-Enem,https://api.github.com/repos/UeresWally/Analise-Dados-Etnia-Enem,53319211,UeresWally,User,https://github.com/UeresWally,https://api.github.com/users/UeresWally,1584116734
224755982,UeresWally/Analise-Dados-Etnia-Enem,https://github.com/UeresWally/Analise-Dados-Etnia-Enem,https://api.github.com/repos/UeresWally/Analise-Dados-Etnia-Enem,57139786,JoaoPedroPaes,User,https://github.com/JoaoPedroPaes,https://api.github.com/users/JoaoPedroPaes,1584116734
26302506,paidico/braco-mecanico,https://github.com/paidico/braco-mecanico,https://api.github.com/repos/paidico/braco-mecanico,5289144,paidico,User,https://github.com/paidico,https://api.github.com/users/paidico,1584116735
223812746,ibragionp/Analise_de_Dados_MEC,https://github.com/ibragionp/Analise_de_Dados_MEC,https://api.github.com/repos/ibragionp/Analise_de_Dados_MEC,43893561,ibragionp,User,https://github.com/ibragionp,https://api.github.com/users/ibragionp,1584116735
111038298,tlbdmecanica/MecanicaTPI,https://github.com/tlbdmecanica/MecanicaTPI,https://api.github.com/repos/tlbdmecanica/MecanicaTPI,31859118,tlbdmecanica,User,https://github.com/tlbdmecanica,https://api.github.com/users/tlbdmecanica,1584116736
70173044,allansdefreitas/Projeto-BD-Oficina-Mecanica,https://github.com/allansdefreitas/Projeto-BD-Oficina-Mecanica,https://api.github.com/repos/allansdefreitas/Projeto-BD-Oficina-Mecanica,16272954,allansdefreitas,User,https://github.com/allansdefreitas,https://api.github.com/users/allansdefreitas,1584116736
208256922,tmazevedo/bandoDadosProject,https://github.com/tmazevedo/bandoDadosProject,https://api.github.com/repos/tmazevedo/bandoDadosProject,31056290,tmazevedo,User,https://github.com/tmazevedo,https://api.github.com/users/tmazevedo,1584116736
221218510,vinnyalvs/MineracaoDadosEnem,https://github.com/vinnyalvs/MineracaoDadosEnem,https://api.github.com/repos/vinnyalvs/MineracaoDadosEnem,33632533,vinnyalvs,User,https://github.com/vinnyalvs,https://api.github.com/users/vinnyalvs,1584116737
82420664,martins9/bd_enem_dados_2014,https://github.com/martins9/bd_enem_dados_2014,https://api.github.com/repos/martins9/bd_enem_dados_2014,11730952,martins9,User,https://github.com/martins9,https://api.github.com/users/martins9,1584116737
82420664,martins9/bd_enem_dados_2014,https://github.com/martins9/bd_enem_dados_2014,https://api.github.com/repos/martins9/bd_enem_dados_2014,12439440,raquelbsm,User,https://github.com/raquelbsm,https://api.github.com/users/raquelbsm,1584116737
108368772,martins9/bd_enem_dados_2015,https://github.com/martins9/bd_enem_dados_2015,https://api.github.com/repos/martins9/bd_enem_dados_2015,11730952,martins9,User,https://github.com/martins9,https://api.github.com/users/martins9,1584116737
218965581,kadu012/evolucao-estudantes-com-deficiencia-fisica,https://github.com/kadu012/evolucao-estudantes-com-deficiencia-fisica,https://api.github.com/repos/kadu012/evolucao-estudantes-com-deficiencia-fisica,54849850,kadu012,User,https://github.com/kadu012,https://api.github.com/users/kadu012,1584116738
